rank_wallet_pos,rank_prob_pos,symbol,company,score,expected_gross_cr,expected_addressable_aum_cr,promoter_pct,months_since_last_event,prior_event_count,lockin_expired_90d,lockin_90d,trading_plan_active,t3_rules,t3_best_confidence,t3_days_to_eligible
1.0,175.0,AADHARHFC,Aadhar Housing Finance Limited,0.09430780710277886,13863.1326725,452.59637089438417,64.9,3.0223390275952693,3.0,0,0,0.0,,,
2.0,54.0,VMM,Vishal Mega Mart Limited,0.13727516996768765,5101.6275000000005,242.43922806629897,40.12,3.0223390275952693,5.0,1,0,0.0,,,
3.0,152.0,BHARTIARTL,Bharti Airtel Limited,0.0994310382313727,7261.5,249.94843315636322,50.07,5.978975032851511,15.0,0,0,0.0,,,
4.0,3.0,ANTHEM,Anthem Biosciences Limited,0.21557144196571823,1274.69570592,95.12626799997206,74.68,0.42706964520367935,1.0,0,0,0.0,promoter_stake_declining,medium,0.0
5.0,62.0,ENRIN,Siemens Energy India Limited,0.1339374171510087,2928.2898414,135.77451947948603,75.0,6.471747700394218,2.0,0,0,0.0,,,
6.0,124.0,SAGILITY,SAGILITY LIMITED,0.1105788490073475,3660.44,140.122406514178,50.95,5.978975032851511,3.0,1,0,0.0,,,
7.0,104.0,JSWSTEEL,JSW Steel Limited,0.11557992460151391,3150.0,126.03618003643271,45.32,1.445466491458607,2.0,0,0,0.0,promoter_stake_declining,medium,0.0
8.0,65.0,BAJAJHFL,Bajaj Housing Finance Limited,0.13045374356518769,2293.932298,103.59517417689099,86.7,5.978975032851511,3.0,0,0,0.0,,,
9.0,23.0,LODHA,Lodha Developers Limited,0.16753242131329993,1100.0487285,63.79896227803838,72.27,0.19710906701708278,10.0,0,0,0.0,promoter_stake_declining,medium,0.0
10.0,13.0,CORONA,CORONA Remedies Limited,0.19297199156934272,748.907139,50.029420836155786,69.0,0.45992115637319314,1.0,1,0,0.0,,,
11.0,219.0,ADANIGREEN,Adani Green Energy Limited,0.08739408699241308,3518.857,106.45986423120311,62.43,36.038107752956634,5.0,0,0,0.0,,,
12.0,211.0,COHANCE,Cohance Lifesciences Limited,0.08827664186796085,3093.8088,94.54564977620879,57.49,9.00131406044678,5.0,0,0,0.0,,,
13.0,352.0,ADANIENT,Adani Enterprises Limited,0.07459652073207172,4140.0,106.91068524559762,74.67,17.969776609724047,4.0,0,0,0.0,promoter_stake_declining,medium,0.0
14.0,250.0,VEDL,Vedanta Limited,0.0839770853965475,2939.5334288374997,85.45579001753615,56.38,0.2628120893561104,6.0,0,0,0.0,promoter_stake_declining,medium,0.0
15.0,563.0,MPHASIS,MphasiS Limited,0.06161082051171599,4726.06506,100.79961203226313,30.55,5.978975032851511,5.0,0,0,0.0,,,
16.0,9.0,EMCURE,Emcure Pharmaceuticals Limited,0.199723367818451,426.087,29.459904804516178,77.87,0.19710906701708278,4.0,0,0,0.0,,,
17.0,1.0,OLAELEC,Ola Electric Mobility Limited,0.2212370795522589,321.91891310600005,24.65524351187111,32.97,0.8869908015768725,4.0,0,0,0.0,,,
18.0,186.0,PATANJALI,Patanjali Foods Limited,0.09197105519163014,1815.6782950399997,57.80861456557235,68.25,5.978975032851511,8.0,0,0,0.0,,,
19.0,514.0,MAZDOCK,Mazagon Dock Shipbuilders Limited,0.06426396381441753,3677.7835623,81.8193274669284,81.22,12.02365308804205,2.0,0,0,0.0,,,
20.0,110.0,INDIGO,InterGlobe Aviation Limited,0.11407951303661794,1156.11288,45.65734810797545,41.57,9.00131406044678,13.0,0,0,0.0,,,
21.0,491.0,SANOFICONR,Sanofi Consumer Healthcare India Limited,0.06510675405164242,3464.864197,78.0934312976575,71.27,20.17082785808147,2.0,0,0,0.0,,,
22.0,310.0,IRFC,Indian Railway Finance Corporation Limited,0.07790030062410619,2332.6373506,62.90551679475976,84.65,3.0223390275952693,2.0,0,0,0.0,promoter_stake_declining,medium,0.0
23.0,8.0,PREMIERENE,Premier Energies Limited,0.2027857519712056,333.47496975,23.41021838389814,63.94,1.2155059132720105,6.0,0,0,0.0,promoter_stake_declining,medium,0.0
24.0,139.0,AIIL,Authum Investment & Infrastructure Limited,0.10448642273728292,1236.3341832,44.71965762229533,68.81,9.00131406044678,3.0,0,0,0.0,,,
25.0,5.0,JSWCEMENT,JSW Cement Limited,0.204666867276561,311.87851337,22.0972372167766,72.03,1.314060446780552,2.0,0,0,0.0,,,
26.0,95.0,BELRISE,Belrise Industries Limited,0.11817188773534673,896.7325248,36.68428971328863,66.46,5.978975032851511,2.0,0,0,0.0,promoter_stake_declining,medium,0.0
27.0,777.0,TCS,Tata Consultancy Services Limited,0.052777692949946595,4494.923418006,82.12490519937312,71.77,27.003942181340342,5.0,0,0,0.0,,,
28.0,35.0,MEESHO,Meesho Limited,0.15855346673725798,494.07365985,27.11885288630576,16.57,0.6898817345597897,2.0,1,0,0.0,,,
29.0,1732.0,SUMICHEM,Sumitomo Chemical India Limited,0.02271419379900305,23986.55488645,188.611085991379,75.0,68.98817345597897,2.0,0,0,0.0,,,
30.0,24.0,DOMS,DOMS Industries Limited,0.16662934065858992,419.77335600000004,24.21422384335663,70.39,0.45992115637319314,4.0,0,0,0.0,promoter_stake_declining,medium,0.0
31.0,1212.0,SIEMENS,Siemens Limited,0.03883796537273663,7717.5444555,103.76184971829922,75.0,6.438896189224704,6.0,0,0,0.0,,,
32.0,44.0,ANANDRATHI,Anand Rathi Wealth Limited,0.1427216149629949,530.014231,26.186715194652173,41.37,0.8869908015768725,5.0,0,0,0.0,,,
33.0,132.0,SAILIFE,Sai Life Sciences Limited,0.10810499782037739,892.4019806460001,33.39714347276911,34.61,10.151116951379763,1.0,1,0,0.0,,,
34.0,115.0,RBA,Restaurant Brands Asia Limited,0.11243624578339823,803.4235881,31.27188463270507,9.22,0.9526938239159001,6.0,0,0,0.0,,,
35.0,677.0,HINDZINC,Hindustan Zinc Limited,0.0570299276947753,3028.5135,59.79083494390513,60.71,3.0223390275952693,4.0,0,0,0.0,,,
36.0,82.0,ATHERENERG,Ather Energy Limited,0.12208998816994861,631.3544999999999,26.684359982555804,40.77,7.7858081471747695,2.0,0,0,0.0,promoter_stake_declining,medium,0.0
37.0,236.0,JSWINFRA,JSW Infrastructure Limited,0.08559361947577877,1210.482,35.86761304649156,83.62,12.02365308804205,2.0,0,0,0.0,,,
38.0,714.0,BHEL,Bharat Heavy Electricals Limited,0.05543243921235078,2731.79623885,52.42212347586049,58.17,3.0223390275952693,3.0,0,0,0.0,,,
39.0,223.0,AWL,AWL Agri Business Limited,0.08718900246301718,1085.7802299999998,32.77226635203275,56.94,5.978975032851511,3.0,0,0,0.0,,,
40.0,354.0,WHIRLPOOL,Whirlpool of India Limited,0.07440096068205344,1489.6023116,38.366438310428855,39.76,5.978975032851511,3.0,0,0,0.0,,,
41.0,52.0,ALKEM,Alkem Laboratories Limited,0.1378542121901758,410.821821,19.605494474983814,51.2,0.9526938239159001,7.0,0,0,0.0,promoter_stake_declining,medium,0.0
42.0,1073.0,IRCTC,Indian Railway Catering And Tourism Corporation Limited,0.043849194474475536,4037.187894,61.2833909504753,62.4,41.98423127463863,2.0,0,0,0.0,,,
43.0,171.0,KFINTECH,Kfin Technologies Limited,0.09642966776219247,781.8299999999999,26.09913864315719,22.86,12.02365308804205,7.0,0,0,0.0,,,
44.0,10.0,EBGNG,GNG Electronics Limited,0.19643444679350083,175.000917,11.900502630707066,78.71,0.657030223390276,1.0,0,0,0.0,promoter_stake_declining,medium,0.0
45.0,771.0,GICRE,General Insurance Corporation of India,0.05307054029263634,2348.2457902,43.14191654907219,82.4,20.992115637319316,2.0,0,0,0.0,promoter_stake_declining,medium,0.0
46.0,910.0,HAL,Hindustan Aeronautics Limited,0.04856036541079502,2613.9502529,43.94217977565007,71.64,38.797634691195796,4.0,0,0,0.0,,,
47.0,98.0,ASKAUTOLTD,ASK Automotive Limited,0.11719682251940863,428.7953822,17.39682910823275,74.95,5.978975032851511,4.0,0,0,0.0,,,
48.0,69.0,KAYNES,Kaynes Technology India Limited,0.12917052092004902,346.929375,15.5134775431819,53.46,12.220762155059132,3.0,0,0,0.0,,,
49.0,282.0,CYIENTDLM,Cyient DLM Limited,0.08136944691421595,873.9482255,24.617849680980918,52.12,20.992115637319316,2.0,0,0,0.0,,,
50.0,12.0,IVALUE,Ivalue Infosolutions Limited,0.19509938609290328,148.27278432,10.014416365556867,32.08,0.0328515111695138,2.0,0,0,0.0,,,
51.0,394.0,TATATECH,Tata Technologies Limited,0.07120252594708563,1068.0466027559999,26.326216911877363,55.18,14.060446780551905,1.0,0,0,0.0,,,
52.0,316.0,NUVAMA,Nuvama Wealth Management Limited,0.077291198679106,879.7190126625001,23.538406590190675,54.13,18.593955321944808,3.0,0,0,0.0,,,
53.0,77.0,EASEMYTRIP,Easy Trip Planners Limited,0.12524861920312128,333.54160859999996,14.461979805691682,43.56,15.013140604467806,9.0,0,0,0.0,,,
54.0,632.0,ALIVUS,Alivus Life Sciences Limited,0.058674710421893435,1465.4095299,29.76545872217545,74.87,20.992115637319316,4.0,0,0,0.0,,,
55.0,6.0,NETWEB,Netweb Technologies India Limited,0.2040633125709222,120.4002597,8.505544443733662,66.98,3.0223390275952693,10.0,0,0,0.0,,,
56.0,560.0,INDUSTOWER,Indus Towers Limited,0.06166641016933781,1317.0301931699998,28.11558240768764,51.26,17.969776609724047,13.0,0,0,0.0,,,
57.0,234.0,THYROCARE,Thyrocare Technologies Limited,0.08576753705134281,667.69007058,19.824453987230267,60.92,6.964520367936925,2.0,0,0,0.0,,,
58.0,128.0,YATHARTH,Yatharth Hospital & Trauma Care Services Limited,0.10954852137765603,403.9321924,15.318607266246483,55.8,5.978975032851511,3.0,0,0,0.0,,,
59.0,166.0,AAVAS,Aavas Financiers Limited,0.09754433489285998,505.49863300000004,17.069699118471757,48.88,12.02365308804205,13.0,0,0,0.0,,,
60.0,156.0,KALYANKJIL,Kalyan Jewellers India Limited,0.09892986907625251,480.6474692,16.46106837561978,62.87,21.12352168199737,4.0,0,0,0.0,,,
61.0,1120.0,ADANIPORTS,Adani Ports and Special Economic Zone Limited,0.04202911328409802,2644.8726,38.48197145786789,68.02,39.02759526938239,3.0,0,0,0.0,promoter_stake_declining,medium,0.0
62.0,1353.0,AMBUJACEM,Ambuja Cements Limited,0.03296852800169371,4250.6478,48.51285936495289,67.33,20.992115637319316,2.0,0,0,0.0,,,
63.0,84.0,AKUMS,Akums Drugs and Pharmaceuticals Limited,0.12159302610319342,311.521298,13.11297987042199,75.26,6.274638633377135,1.0,0,0,0.0,,,
64.0,182.0,JUBLFOOD,Jubilant Foodworks Limited,0.09267268479867528,519.58847804,16.669210672143787,40.27,12.02365308804205,4.0,0,0,0.0,,,
65.0,1071.0,IRB,IRB Infrastructure Developers Limited,0.04388251485235259,2289.7486755,34.78417505985786,30.79,24.014454664914584,4.0,0,0,0.0,,,
66.0,926.0,JSWDULUX,JSW Dulux Limited,0.047932249707412354,1910.7880393,31.706097561287336,61.2,5.978975032851511,6.0,0,0,0.0,,,
67.0,2.0,ONESOURCE,Onesource Specialty Pharma Limited,0.2174541225932483,89.999958,6.775203519609139,30.48,2.3324572930354797,13.0,0,0,0.0,,,
68.0,299.0,AETHER,Aether Industries Limited,0.07922479474414522,656.2734989,17.999042087764003,74.95,12.02365308804205,3.0,0,0,0.0,,,
69.0,447.0,RVNL,Rail Vikas Nigam Limited,0.06799436312835214,887.2953172,20.885464100111385,72.84,35.15111695137976,2.0,0,0,0.0,,,
70.0,1180.0,WIPRO,Wipro Limited,0.03978559545242057,2517.431168,34.67255240753735,72.62,12.713534822601838,3.0,0,0,0.0,,,
71.0,26.0,BANSALWIRE,Bansal Wire Industries Limited,0.1655136564873139,144.7021044,8.29119509547629,77.99,0.19710906701708278,1.0,0,0,0.0,promoter_stake_declining,medium,0.0
72.0,409.0,ZFCVINDIA,ZF Commercial Vehicle Control Systems India Limited,0.06990751877641369,791.6354403,19.1580928991325,60.0,12.02365308804205,8.0,0,0,0.0,,,
73.0,159.0,MEDIASSIST,Medi Assist Healthcare Services Limited,0.09821631292297837,394.70094975000006,13.420112218760805,4.61,9.00131406044678,7.0,0,0,0.0,,,
74.0,1108.0,MAXHEALTH,Max Healthcare Institute Limited,0.042237796096175506,2107.68243,30.818311674666845,23.71,45.006570302233904,5.0,0,0,0.0,,,
75.0,256.0,AZAD,Azad Engineering Limited,0.08369028118677091,514.3651153559999,14.902198036825895,55.84,12.02365308804205,3.0,0,0,0.0,,,
76.0,38.0,PINELABS,Pine Labs Limited,0.15407763190900084,151.600524875,8.0862741126462,0.0,0.39421813403416556,3.0,1,0,0.0,,,
77.0,22.0,RATNAVEER,Ratnaveer Precision Engineering Limited,0.16979043199199928,113.566822352,6.675363479295026,45.49,6.603153745072273,1.0,0,0,0.0,,,
78.0,334.0,ROSSARI,Rossari Biotech Limited,0.07612952717526845,543.18,14.315304926991915,68.15,10.085413929040735,1.0,0,0,0.0,,,
79.0,313.0,MANKIND,Mankind Pharma Limited,0.07755805130874059,513.325985,13.782371062626217,72.66,18.331143232588698,10.0,0,0,0.0,,,
80.0,229.0,SAPPHIRE,Sapphire Foods India Limited,0.08662047155106592,394.41865198200003,11.827210849767608,26.07,20.992115637319316,5.0,0,0,0.0,,,
81.0,806.0,APOLLOHOSP,Apollo Hospitals Enterprise Limited,0.05147022708226839,1112.335,19.81958258268026,28.02,9.00131406044678,3.0,0,0,0.0,,,
82.0,160.0,APTUS,Aptus Value Housing Finance India Limited,0.09817085909820171,299.242109989,10.169753052148684,23.87,9.00131406044678,12.0,0,0,0.0,,,
83.0,1076.0,MANYAVAR,Vedant Fashions Limited,0.04381485760991208,1493.0252964,22.645982762282543,74.94,36.038107752956634,2.0,0,0,0.0,,,
84.0,1176.0,M&M,Mahindra & Mahindra Limited,0.04002773654289279,1778.1972,24.640156147207527,18.45,27.003942181340342,2.0,0,0,0.0,,,
85.0,36.0,APOLLO,Apollo Micro Systems Limited,0.15816815388569053,113.566822352,6.218430011920849,50.27,0.45992115637319314,3.0,0,0,0.0,,,
86.0,1330.0,SBILIFE,SBI Life Insurance Company Limited,0.03421858993179446,2388.55760385,28.2943808499834,55.33,52.233902759526934,2.0,0,0,0.0,,,
87.0,1987.0,HONAUT,Honeywell Automation India Limited,0.01383168441593492,14318.890166279998,68.56247213415898,75.0,93.1340341655716,1.0,0,0,0.0,,,
88.0,39.0,ORIENTTECH,Orient Technologies Limited,0.15367991752406254,113.566822352,6.04197360773273,70.66,3.0223390275952693,1.0,0,0,0.0,,,
89.0,187.0,AJANTPHARM,Ajanta Pharma Limited,0.09164376437302342,318.61253222999994,10.108127030215808,66.25,0.7227332457293035,5.0,0,0,0.0,promoter_stake_declining,medium,0.0
90.0,41.0,URBANCO,Urban Company Limited,0.15103183637631856,113.566822352,5.937863476340328,19.02,3.252299605781866,1.0,0,0,0.0,,,
91.0,456.0,INDGN,Indegene Limited,0.06729937047427649,543.764916263,12.66852005933068,0.0,12.877792378449408,2.0,0,0,0.0,,,
92.0,350.0,TITAGARH,TITAGARH RAIL SYSTEMS LIMITED,0.07464194596769252,435.804255,11.261041133185739,40.46,24.014454664914584,3.0,0,0,0.0,,,
93.0,252.0,FIVESTAR,Five-Star Business Finance Limited,0.08394279853173954,341.940103,9.936608935807332,18.61,9.00131406044678,9.0,0,0,0.0,,,
94.0,528.0,CAMS,Computer Age Management Services Limited,0.06357494858825505,550.418,12.113853659572797,0.0,29.993429697766096,4.0,0,0,0.0,,,
95.0,48.0,NAZARA,Nazara Technologies Limited,0.1404702696950932,111.72,5.432824933958249,35.46,1.5440210249671484,3.0,0,0,0.0,promoter_stake_declining,medium,0.0
96.0,390.0,INOXWIND,Inox Wind Limited,0.07144920806054654,421.21250000000003,10.418444206572287,44.18,12.220762155059132,5.0,0,0,0.0,,,
97.0,311.0,TARIL,Transformers And Rectifiers (India) Limited,0.07787895617872422,344.3597727,9.284044881001634,64.36,17.969776609724047,4.0,0,0,0.0,,,
98.0,975.0,UNICHEMLAB,Unichem Laboratories Limited,0.04688066041076691,945.345424,15.342184915018569,70.22,34.55978975032851,3.0,0,0,0.0,,,
99.0,88.0,HONASA,Honasa Consumer Limited,0.11987815797882263,142.12761770699998,5.898303413371818,35.54,21.583442838370566,1.0,0,0,0.0,,,
100.0,91.0,HFCL,HFCL Limited,0.1189289852671184,144.35375,5.943253483940887,28.29,6.2089356110381075,9.0,0,0,0.0,,,
101.0,1074.0,EPL,EPL Limited,0.04382361677789189,1037.7458295000001,15.743529096274406,26.38,12.02365308804205,3.0,0,0,0.0,,,
102.0,1126.0,CREDITACC,CREDITACCESS GRAMEEN LIMITED,0.04192246289976555,1121.2920000000001,16.273026160401738,66.24,36.038107752956634,2.0,0,0,0.0,,,
103.0,259.0,HCG,Healthcare Global Enterprises Limited,0.08329637185069873,276.125,7.962275196296735,64.21,9.658344283837057,3.0,0,0,0.0,,,
104.0,686.0,CSBBANK,CSB Bank Limited,0.05670252190827569,595.041452375,11.680277090723724,40.0,24.014454664914584,2.0,0,0,0.0,,,
105.0,804.0,ADANIPOWER,Adani Power Limited,0.05161008842966153,702.6733402,12.554267780332706,74.96,33.01576872536137,3.0,0,0,0.0,,,
106.0,107.0,SWSOLAR,Sterling and Wilson Renewable Energy Limited,0.11529184678316907,137.253097667,5.478094964946414,45.72,20.992115637319316,12.0,0,0,0.0,,,
107.0,53.0,IKS,Inventurus Knowledge Solutions Limited,0.13729153735889252,94.8,4.505717626819229,63.72,1.314060446780552,1.0,1,0,0.0,,,
108.0,565.0,SULA,Sula Vineyards Limited,0.06152299195211422,459.68106872500005,9.790346883611766,24.55,20.992115637319316,5.0,0,0,0.0,,,
109.0,1376.0,SHRIRAMFIN,Shriram Finance Limited,0.03211096109195381,1611.7730000000001,17.91677071921333,20.3,27.102496714848883,3.0,0,0,0.0,,,
110.0,92.0,ANGELONE,Angel One Limited,0.118861790717512,113.566822352,4.673088156561591,28.87,12.02365308804205,2.0,0,0,0.0,,,
111.0,267.0,NH,Narayana Hrudayalaya Ltd.,0.08284178576399691,230.700239,6.616122457923893,63.27,5.978975032851511,2.0,0,0,0.0,,,
112.0,108.0,TEJASNET,Tejas Networks Limited,0.11521529720494986,113.566822352,4.529725133476812,53.4,17.969776609724047,1.0,0,0,0.0,,,
113.0,64.0,BAJAJFINSV,Bajaj Finserv Limited,0.13090775714437222,86.928375,3.939487298092489,58.71,2.135348226018397,37.0,0,0,0.0,,,
114.0,242.0,KIRLOSENG,Kirloskar Oil Engines Limited,0.08489074088161233,203.7050568,5.986441061810255,41.07,6.438896189224704,9.0,0,0,0.0,,,
115.0,916.0,MOTHERSON,Samvardhana Motherson International Limited,0.048313119057867504,612.5749999999999,10.245374769437856,48.6,12.02365308804205,10.0,0,0,0.0,,,
116.0,188.0,VIPIND,VIP Industries Limited,0.09118916204107728,171.59298819999998,5.416892298548252,42.35,5.978975032851511,4.0,0,0,0.0,,,
117.0,1139.0,CIPLA,Cipla Limited,0.04149761623006338,803.289796875,11.539806902012868,29.21,17.969776609724047,9.0,0,0,0.0,,,
118.0,1159.0,TORNTPHARM,Torrent Pharmaceuticals Limited,0.040661353047813154,824.5271676,11.606196174324841,68.31,17.969776609724047,7.0,0,0,0.0,promoter_stake_declining,medium,0.0
119.0,1032.0,HUDCO,Housing & Urban Development Corporation Limited,0.0453140715797645,649.1689803,10.183434256078046,75.0,29.993429697766096,2.0,0,0,0.0,,,
120.0,179.0,SUNCLAY,Sundaram Clayton Limited,0.0936362748913166,149.525764569,4.846948495225436,59.09,12.02365308804205,4.0,0,0,0.0,,,
121.0,146.0,NEWGEN,Newgen Software Technologies Limited,0.10168977842185106,126.4792244,4.452520038338566,53.52,15.013140604467806,5.0,0,0,0.0,,,
122.0,357.0,ROUTE,ROUTE MOBILE LIMITED,0.07420031860209556,235.389625,6.046430211106086,74.85,20.992115637319316,8.0,0,0,0.0,,,
123.0,25.0,MCLOUD,Magellanic Cloud Limited,0.16553456853020926,47.2503,2.7077906936385325,54.04,7.128777923784494,1.0,0,0,0.0,,,
124.0,866.0,SHARDAMOTR,Sharda Motor Industries Limited,0.049803504179469216,499.025,8.603715813893775,64.31,24.080157687253614,2.0,0,0,0.0,,,
125.0,811.0,MAHABANK,Bank of Maharashtra,0.05139402319024696,461.568297,8.212069059274793,73.6,6.865965834428383,3.0,0,0,0.0,,,
126.0,126.0,AVL,Aditya Vision Limited,0.1103816526080517,99.8810347,3.8167286676850174,47.14,9.00131406044678,3.0,0,0,0.0,,,
127.0,1161.0,TVSHLTD,TVS Holdings Limited,0.04059239512453579,736.945173,10.355786827399156,74.45,34.42838370565046,5.0,0,0,0.0,,,
128.0,400.0,EMIL,Electronics Mart India Limited,0.07068392645126914,241.442611,5.907999404663215,65.17,20.992115637319316,6.0,0,0,0.0,,,
129.0,379.0,JUBLINGREA,Jubilant Ingrevia Limited,0.07207146930969537,230.822904,5.759016368872121,45.22,12.02365308804205,4.0,0,0,0.0,,,
130.0,49.0,MOBIKWIK,One Mobikwik Systems Limited,0.13909636114380994,61.114303584,2.9429030402944685,25.08,9.95400788436268,4.0,1,0,0.0,,,
131.0,18.0,JSLL,Jeena Sikho Lifecare Limited,0.17674361782866976,35.73477432,2.18656805692785,63.62,15.013140604467806,5.0,0,0,0.0,,,
132.0,810.0,IOB,Indian Overseas Bank,0.05139575774888752,417.838271,7.4342935748161185,92.44,6.40604467805519,3.0,0,0,0.0,,,
133.0,823.0,COALINDIA,Coal India Limited,0.05086756606922586,426.31029615,7.507078425362483,63.13,36.038107752956634,13.0,0,0,0.0,promoter_stake_declining,medium,0.0
134.0,839.0,ABCAPITAL,Aditya Birla Capital Limited,0.050371587487205376,433.125,7.552713812968075,68.81,38.23915900131406,1.0,0,0,0.0,,,
135.0,131.0,POLYCAB,Polycab India Limited,0.10838717558294426,93.2451366,3.498775842822732,61.5,9.00131406044678,14.0,0,0,0.0,,,
136.0,355.0,BLS,BLS International Services Limited,0.07431389895825997,196.2688,5.049263860661598,70.39,20.992115637319316,3.0,0,0,0.0,,,
137.0,973.0,IRCON,Ircon International Limited,0.04694639721318314,474.2404009,7.707344459890205,65.17,29.993429697766096,4.0,0,0,0.0,,,
138.0,4.0,AGIIL,Agi Infra Limited,0.21184428617479611,23.289525544,1.7081249374480276,71.29,0.19710906701708278,11.0,0,0,0.0,,,
139.0,225.0,CLEAN,Clean Science and Technology Limited,0.08671455564321774,138.393283,4.1544713129129,51.29,9.00131406044678,5.0,0,0,0.0,,,
140.0,37.0,CRAFTSMAN,Craftsman Automation Limited,0.1562957515157028,42.2995541,2.288796100887854,44.42,0.42706964520367935,7.0,0,0,0.0,promoter_stake_declining,medium,0.0
141.0,361.0,BAJAJ-AUTO,Bajaj Auto Limited,0.07385342106393716,189.4237745,4.842972779385626,55.01,6.044678055190539,6.0,0,0,0.0,,,
142.0,1614.0,TVSMOTOR,TVS Motor Company Limited,0.02611566193799798,1506.09,13.616157279886158,50.27,41.98423127463863,3.0,0,0,0.0,,,
143.0,791.0,AFFLE,Affle 3i Limited,0.051926210991673216,380.250452,6.835350867858722,54.92,24.014454664914584,3.0,0,0,0.0,,,
144.0,285.0,HNDFDS,Hindustan Foods Limited,0.08108564324799712,155.62,4.36834948970238,61.31,12.02365308804205,4.0,0,0,0.0,,,
145.0,176.0,GROWW,Billionbrains Garage Ventures Limited,0.09427350563432178,113.566822352,3.7063921046276582,27.81,999.0,0.0,1,0,0.0,,,
146.0,610.0,BUTTERFLY,Butterfly Gandhimathi Appliances Limited,0.05941397901394105,281.7131817,5.794301766795228,75.0,39.02759526938239,5.0,0,0,0.0,,,
147.0,184.0,EPACKPEB,EPack Prefab Technologies Limited,0.09222822463566377,113.566822352,3.625981248001879,64.96,999.0,0.0,0,0,0.0,,,
148.0,616.0,MFSL,Max Financial Services Limited,0.059191542244453055,268.96,5.51128426588976,1.25,7.293035479632063,16.0,0,0,0.0,,,
149.0,167.0,HOMEFIRST,Home First Finance Company India Limited,0.09727761765934027,99.08229643550001,3.33672509648795,6.99,3.0223390275952693,8.0,0,0,0.0,,,
150.0,195.0,SHANTIGOLD,Shanti Gold International Limited,0.09019716952375524,113.566822352,3.5461296865245604,74.89,999.0,0.0,0,0,0.0,,,
151.0,1311.0,CROMPTON,Crompton Greaves Consumer Electricals Limited,0.03505628721911743,750.7485,9.110948972164122,0.0,41.98423127463863,5.0,0,0,0.0,,,
152.0,199.0,ADANIENSOL,Adani Energy Solutions Limited,0.08995402344881939,113.566822352,3.536570323198144,72.73,36.038107752956634,3.0,0,0,0.0,promoter_stake_declining,medium,0.0
153.0,478.0,ESSARSHPNG,Essar Shipping Limited,0.06599348248130261,209.65318249999999,4.7897070587371475,73.75,6.2089356110381075,3.0,0,0,0.0,,,
154.0,28.0,MUFIN,Mufin Green Finance Limited,0.1644454793743771,33.597983475,1.9127800580669092,47.3,3.9093298291721417,1.0,0,0,0.0,,,
155.0,1099.0,INFY,Infosys Limited,0.04281917487349202,494.4582449,7.329456763643814,14.38,15.670170827858081,1.0,0,0,0.0,promoter_stake_declining,medium,0.0
156.0,203.0,LENSKART,Lenskart Solutions Limited,0.08921582431654232,113.566822352,3.5075477954253076,17.55,999.0,0.0,1,0,0.0,,,
157.0,405.0,RATEGAIN,Rategain Travel Technologies Limited,0.07025743053381085,180.243,4.3838718091287925,48.77,24.014454664914584,2.0,0,0,0.0,,,
158.0,884.0,CMSINFO,CMS Info Systems Limited,0.048876523413936966,368.82007775,6.240499866295637,0.0,33.01576872536137,7.0,0,0,0.0,,,
159.0,162.0,SKYGOLD,SKY GOLD AND DIAMONDS LIMITED,0.09777329682391031,91.88345,3.110066909347789,51.74,12.02365308804205,5.0,0,0,0.0,,,
160.0,32.0,MOTISONS,Motisons Jewellers Limited,0.16091924956805098,33.597983475,1.8717640199285408,64.86,3.0223390275952693,1.0,0,0,0.0,,,
161.0,73.0,BLACKBUCK,BLACKBUCK LIMITED,0.12678639438775716,54.112,2.375119911693134,25.05,5.978975032851511,8.0,1,0,0.0,,,
162.0,217.0,ITCHOTELS,ITC Hotels Limited,0.0875042593815642,113.566822352,3.440257089315712,39.85,999.0,0.0,0,0,0.0,,,
163.0,112.0,ZAGGLE,Zaggle Prepaid Ocean Services Limited,0.11315251351630834,67.2686276,2.635073217708175,44.15,18.232588699080157,4.0,0,0,0.0,,,
164.0,174.0,360ONE,360 ONE WAM LIMITED,0.09513707438772007,94.8082321,3.122537804106092,6.24,3.383705650459921,10.0,0,0,0.0,,,
165.0,89.0,SBFC,SBFC Finance Limited,0.11915010301637148,59.150154683,2.4398781294404697,52.35,6.471747700394218,11.0,0,0,0.0,,,
166.0,314.0,BIKAJI,Bikaji Foods International Limited,0.07754667123585021,138.5550924805,3.719584200458386,73.88,9.00131406044678,4.0,0,0,0.0,,,
167.0,181.0,SYNGENE,Syngene International Limited,0.0929136111825113,95.26271446,3.0641788422187894,52.68,17.969776609724047,6.0,0,0,0.0,,,
168.0,458.0,BFINVEST,BF Investment Limited,0.06722659962604798,181.0505805,4.2135506575815675,74.13,3.252299605781866,1.0,0,0,0.0,,,
169.0,248.0,RAYMONDREL,Raymond Realty Limited,0.08426890817361994,113.566822352,3.3130582534165147,50.71,999.0,0.0,0,0,0.0,,,
170.0,253.0,SONACOMS,Sona BLW Precision Forgings Limited,0.08380911079024642,113.566822352,3.294981176723573,28.02,21.681997371879106,4.0,0,0,0.0,,,
171.0,63.0,YATRA,Yatra Online Limited,0.13277342872156014,44.77556500000001,2.0581411787361077,62.66,3.0223390275952693,2.0,0,0,0.0,,,
172.0,1709.0,ARE&M,Amara Raja Energy & Mobility Limited,0.023252431400944823,1448.9551249620001,11.663420350123108,32.86,82.78580814717476,2.0,0,0,0.0,,,
173.0,266.0,CUPID,Cupid Limited,0.08288237046518701,113.566822352,3.258546093497075,46.03,17.969776609724047,1.0,0,0,0.0,,,
174.0,271.0,VMART,V-Mart Retail Limited,0.08234572094720481,113.566822352,3.2374475513030814,44.2,39.02759526938239,1.0,0,0,0.0,,,
175.0,1971.0,GUJENERGY,GUJARAT ENERGY LIMITED,0.015280151976423708,3256.69,17.22686918765319,38.94,99.17871222076215,1.0,0,0,0.0,,,
176.0,408.0,UNOMINDA,UNO Minda Limited,0.07000244673724869,155.1,3.7586599583127023,68.37,3.416557161629435,4.0,0,0,0.0,,,
177.0,101.0,AMBER,Amber Enterprises India Limited,0.11603352658218706,55.3182875,2.2221386048949414,38.17,9.00131406044678,3.0,0,0,0.0,,,
178.0,220.0,TDPOWERSYS,TD Power Systems Limited,0.08734970736806234,96.619383,2.9217119269477885,26.87,12.02365308804205,14.0,0,0,0.0,,,
179.0,371.0,DALBHARAT,Dalmia Bharat Limited,0.0732291039510372,136.74942,3.4667142378825586,55.84,3.252299605781866,4.0,0,0,0.0,,,
180.0,1119.0,SMLMAH,SML Mahindra Limited,0.04209567366748995,413.54989,6.02656180580927,58.97,10.972404730617608,1.0,0,0,0.0,,,
181.0,1921.0,TATACOMM,Tata Communications Limited,0.01693891679467794,2522.17707425,14.789842662757781,58.86,63.50197109067017,2.0,0,0,0.0,,,
182.0,300.0,HAPPSTMNDS,Happiest Minds Technologies Limited,0.07912759844286606,115.41364470399999,3.1615149491019117,44.21,24.014454664914584,4.0,0,0,0.0,,,
183.0,297.0,VIKRAN,Vikran Engineering Limited,0.07961356957863398,113.566822352,3.130032173111906,56.27,999.0,0.0,0,0,0.0,,,
184.0,66.0,ROLEXRINGS,Rolex Rings Limited,0.13031837995317683,42.2251094,1.9050248166244446,52.24,3.0223390275952693,6.0,0,0,0.0,,,
185.0,1268.0,STYRENIX,Styrenix Performance Materials Limited,0.03641573443289861,540.039392,6.807979242858423,46.24,24.014454664914584,5.0,0,0,0.0,,,
186.0,100.0,SENCO,Senco Gold Limited,0.11644938625818811,52.5048,2.1166840937493228,64.48,18.561103810775293,3.0,0,0,0.0,,,
187.0,302.0,GENUSPOWER,Genus Power Infrastructures Limited,0.0790338409270333,113.566822352,3.1072399614225072,39.34,20.992115637319316,1.0,0,0,0.0,,,
188.0,1096.0,GODREJIND,Godrej Industries Limited,0.04295200994573937,381.3338495,5.670133469125175,74.64,17.969776609724047,4.0,0,0,0.0,,,
189.0,983.0,SUNDRMFAST,Sundram Fasteners Limited,0.046532698887601774,321.542065,5.179656134067246,46.95,20.992115637319316,4.0,0,0,0.0,,,
190.0,312.0,WAAREERTL,Waaree Renewable Technologies Limited,0.07774783097934632,113.566822352,3.056680081586614,74.32,999.0,0.0,0,0,0.0,,,
191.0,329.0,GMMPFAUDLR,GMM Pfaudler Limited,0.07642175384334336,116.1484393,3.0728433867654394,25.18,10.085413929040735,8.0,0,0,0.0,,,
192.0,178.0,STYLAMIND,Stylam Industries Limited,0.09382847487390854,76.815,2.4951397418724994,54.11,4.402102496714849,6.0,0,0,0.0,,,
193.0,661.0,BHARATFORG,Bharat Forge Limited,0.05737994295328803,204.764365,4.067438961240142,44.07,17.969776609724047,6.0,0,0,0.0,,,
194.0,151.0,PRIVISCL,Privi Speciality Chemicals Limited,0.09959269901565782,67.32705,2.321309185101944,60.6,5.978975032851511,10.0,0,0,0.0,,,
195.0,332.0,IRMENERGY,IRM Energy Limited,0.07631384511514405,113.566822352,3.000302482711242,50.07,999.0,0.0,0,0,0.0,,,
196.0,177.0,DCXINDIA,DCX Systems Limited,0.09386067345232949,75.00288,2.437115334974217,52.16,12.02365308804205,8.0,0,0,0.0,,,
197.0,545.0,GODREJPROP,Godrej Properties Limited,0.06289817070219508,166.2000264,3.6189011387571384,51.66,18.593955321944808,8.0,0,0,0.0,,,
198.0,141.0,AWFIS,Awfis Space Solutions Limited,0.10337703030012509,60.901227342000006,2.179553172564579,17.0,9.00131406044678,8.0,0,0,0.0,,,
199.0,288.0,JTLIND,JTL INDUSTRIES LIMITED,0.08099606401563259,97.91,2.7453803241994734,49.26,30.814717477003942,1.0,0,0,0.0,,,
200.0,14.0,KRISHNADEF,Krishna Defence And Allied Industries Limited,0.18830420386523633,18.07395,1.178330034375901,59.96,0.0328515111695138,6.0,1,0,0.0,,,
201.0,20.0,NIBE,NIBE Limited,0.1738149057624816,21.024027375,1.2651718093016822,52.27,0.7555847568988173,2.0,0,0,0.0,promoter_stake_declining,medium,0.0
202.0,363.0,SEPC,SEPC Limited,0.07378465767447322,115.57,2.9520334058051994,18.67,3.0223390275952693,7.0,0,0,0.0,promoter_stake_declining,medium,0.0
203.0,261.0,ACUTAAS,Acutaas Chemicals Limited,0.08318534510358772,90.76109575000001,2.6137187826908725,32.66,12.02365308804205,7.0,0,0,0.0,,,
204.0,123.0,HLEGLAS,HLE Glascoat Limited,0.11093411300940553,50.584,1.9426689373343675,65.64,9.00131406044678,5.0,0,0,0.0,,,
205.0,208.0,SBCL,Shivalik Bimetal Controls Limited,0.08856988332517753,78.69000645,2.412790110418362,33.37,20.992115637319316,10.0,0,0,0.0,,,
206.0,46.0,POCL,Pondy Oxides & Chemicals Limited,0.14176545766488421,30.5328,1.498544841588917,39.34,0.0657030223390276,6.0,0,0,0.0,promoter_stake_declining,medium,0.0
207.0,129.0,VERANDA,Veranda Learning Solutions Limited,0.10943741149387116,50.622,1.917898456827518,33.8,10.151116951379763,4.0,0,0,0.0,,,
208.0,1179.0,ATGL,Adani Total Gas Limited,0.03979634964834955,377.4874931,5.200561815235896,74.8,46.64914586070959,7.0,0,0,0.0,,,
209.0,206.0,SHANKARA,Shankara Building Products Limited,0.0888597751125849,75.5,2.322557932291732,44.45,12.02365308804205,4.0,0,0,0.0,,,
210.0,398.0,EDELWEISS,Edelweiss Financial Services Limited,0.07077849379533319,118.0,2.891300586808188,32.26,4.204993429697766,1.0,0,0,0.0,,,
211.0,873.0,POONAWALLA,Poonawalla Fincorp Limited,0.04939051321209203,240.7,4.115527412216145,59.03,24.67148488830486,7.0,0,0,0.0,,,
212.0,1067.0,NDTV,New Delhi Television Limited,0.04399827990250986,301.14953406999996,4.586939176195593,69.02,24.014454664914584,3.0,0,0,0.0,,,
213.0,389.0,EIEL,Enviro Infra Engineers Limited,0.07149082234824101,113.566822352,2.8106838471952544,70.19,999.0,0.0,1,0,0.0,,,
214.0,60.0,BETA,Beta Drugs Limited,0.13532594468162754,31.210389,1.462218479567107,59.1,5.978975032851511,2.0,0,0,0.0,,,
215.0,1685.0,NMDC,NMDC Limited,0.023986611486784392,980.051316458,8.138055506908197,60.79,59.36268068331143,7.0,0,0,0.0,,,
216.0,321.0,HGINFRA,H.G. Infra Engineering Limited,0.07684703035209578,94.788915,2.521717940852577,71.78,20.992115637319316,4.0,0,0,0.0,,,
217.0,576.0,METROBRAND,Metro Brands Limited,0.060957196224156886,149.94,3.1641037641046394,71.8,20.992115637319316,6.0,0,0,0.0,,,
218.0,70.0,BANDHANBNK,Bandhan Bank Limited,0.12849001198447554,33.597983475,1.4945569408153514,38.98,3.0223390275952693,3.0,0,0,0.0,promoter_stake_declining; trading_plan_disclosed,very_high,0.0
219.0,411.0,EXICOM,Exicom Tele-Systems Limited,0.06987466497635528,113.566822352,2.747144119010878,66.47,999.0,0.0,0,0,0.0,promoter_stake_declining,medium,0.0
220.0,412.0,KROSS,Kross Limited,0.06985217064173765,113.566822352,2.7462597472707517,68.52,999.0,0.0,0,0,0.0,,,
221.0,414.0,GRINFRA,G R Infraprojects Limited,0.06978424899191438,113.226203115,2.735360737228063,74.69,27.003942181340342,16.0,0,0,0.0,,,
222.0,1162.0,TARC,TARC Limited,0.04052996938211656,333.18,4.674767194449709,65.12,39.02759526938239,2.0,0,0,0.0,,,
223.0,33.0,AQYLON,Aqylon Nexus Limited,0.16067759661522535,21.11339906,1.1745185227418704,58.33,0.8869908015768725,6.0,0,0,0.0,promoter_stake_declining,medium,0.0
224.0,16.0,EPACK,EPACK Durable Limited,0.17909761920320755,16.609962876,1.0299518032617214,47.18,5.978975032851511,2.0,0,0,0.0,promoter_stake_declining,medium,0.0
225.0,445.0,CRIZAC,Crizac Limited,0.0680664689622754,113.566822352,2.676054332064789,79.94,999.0,0.0,0,0,0.0,,,
226.0,446.0,ABLBL,Aditya Birla Lifestyle Brands Limited,0.06805678154525685,113.566822352,2.6756734682610066,46.6,999.0,0.0,0,0,0.0,,,
227.0,845.0,JUBLPHARMA,Jubilant Pharmova Limited,0.05013845439943226,208.09061405799997,3.6118517303204882,47.68,12.02365308804205,4.0,0,0,0.0,,,
228.0,1844.0,BOSCHLTD,Bosch Limited,0.019170196235378033,1412.18619,9.371759957854694,70.54,64.15900131406045,4.0,0,0,0.0,,,
229.0,606.0,SUNTECK,Sunteck Realty Limited,0.05981795987722315,143.84202,2.978693813070072,63.15,29.993429697766096,4.0,0,0,0.0,,,
230.0,457.0,SHAKTIPUMP,Shakti Pumps (India) Limited,0.06723709629041855,113.566822352,2.6434472883139404,50.35,27.299605781865964,1.0,0,0,0.0,,,
231.0,277.0,TI,Tilaknagar Industries Limited,0.0819404231313878,75.804,2.150327799524496,31.71,9.034165571616294,6.0,0,0,0.0,,,
232.0,526.0,NEOGEN,Neogen Chemicals Limited,0.06363182135751226,123.06465495,2.710923650015513,51.23,20.992115637319316,3.0,0,0,0.0,,,
233.0,40.0,CPPLUS,Aditya Infotech Limited,0.15258847210794624,21.024027375,1.1106678825301304,74.74,3.0223390275952693,1.0,0,0,0.0,,,
234.0,482.0,EXCELSOFT,Excelsoft Technologies Limited,0.06555370033079655,113.566822352,2.5772640542045946,59.09,999.0,0.0,1,0,0.0,,,
235.0,78.0,MOTILALOFS,Motilal Oswal Financial Services Limited,0.1250727652603488,31.006149999999998,1.3425881588974347,67.54,0.7555847568988173,18.0,0,0,0.0,,,
236.0,1991.0,SAIL,Steel Authority of India Limited,0.01326597363224836,2740.7158471,12.586513803609675,65.0,65.50591327201052,1.0,0,0,0.0,,,
237.0,500.0,SAMMAANCAP,Sammaan Capital Limited,0.06485046377229621,113.566822352,2.54961609086035,0.0,39.02759526938239,2.0,0,0,0.0,,,
238.0,575.0,GRAVITA,Gravita India Limited,0.06095936581461487,128.4926,2.7116137591827236,55.88,12.02365308804205,8.0,0,0,0.0,,,
239.0,501.0,RPTECH,Rashi Peripherals Limited,0.06480618048979778,113.566822352,2.5478750798783687,64.01,999.0,0.0,0,0,0.0,,,
240.0,58.0,SHAILY,Shaily Engineering Plastics Limited,0.13575847025869303,25.851,1.2150174943266425,43.4,0.42706964520367935,3.0,0,0,0.0,promoter_stake_declining,medium,0.0
241.0,611.0,NAVKARCORP,Navkar Corporation Limited,0.0594017308712505,132.00082485000001,2.714468602231761,70.37,20.630749014454665,6.0,0,0,0.0,,,
242.0,517.0,VIKRAMSOLR,Vikram Solar Limited,0.06396401339889082,113.566822352,2.514765019575505,63.01,999.0,0.0,0,0,0.0,,,
243.0,525.0,GVT&D,GE Vernova T&D India Limited,0.06363490243173339,113.566822352,2.501825919856967,51.0,17.969776609724047,2.0,0,0,0.0,,,
244.0,1137.0,SUZLON,Suzlon Energy Limited,0.04151412538412031,265.24736145500003,3.811996332561033,11.73,12.02365308804205,5.0,0,0,0.0,,,
245.0,618.0,DEEPAKFERT,Deepak Fertilizers and Petrochemicals Corporation Limited,0.059090236322202075,129.1667644,2.6422611621317467,45.63,2.299605781865966,2.0,0,0,0.0,,,
246.0,546.0,SAMBHV,Sambhv Steel Tubes Limited,0.062832800950623,113.566822352,2.4702910514260705,56.15,999.0,0.0,0,0,0.0,,,
247.0,204.0,SHAREINDIA,Share India Securities Limited,0.08915710840606035,56.348290000000006,1.7392232456555783,48.62,17.969776609724047,8.0,0,0,0.0,,,
248.0,689.0,COCHINSHIP,Cochin Shipyard Limited,0.05663528565443323,137.298889,2.691924790298523,67.91,17.969776609724047,4.0,0,0,0.0,,,
249.0,43.0,PARAS,Paras Defence and Space Technologies Limited,0.14287360320722817,21.5486267,1.0659015289233238,53.2,9.00131406044678,10.0,0,0,0.0,,,
250.0,137.0,CAMLINFINE,Camlin Fine Sciences Limited,0.10587435293073295,38.6202143465,1.415571151893269,48.03,6.9973718791064385,8.0,0,0,0.0,,,
251.0,143.0,DIXON,Dixon Technologies (India) Limited,0.10308142474283699,40.685025,1.451911088600169,28.68,12.02365308804205,3.0,0,0,0.0,,,
252.0,17.0,MARSONS,Marsons Limited,0.17853999006235813,13.519737,0.8357474886407948,53.65,0.9855453350854139,3.0,0,0,0.0,,,
253.0,1675.0,BDL,Bharat Dynamics Limited,0.02419197152297391,720.7103442,6.035806282867786,74.93,69.71090670170828,1.0,0,0,0.0,,,
254.0,499.0,PGIL,Pearl Global Industries Limited,0.06486203439934299,100.0025,2.2454985260548397,61.16,5.978975032851511,2.0,0,0,0.0,,,
255.0,588.0,PWL,Physicswallah Limited,0.06044041268089861,113.566822352,2.3762335648136057,72.3,999.0,0.0,1,0,0.0,promoter_stake_declining,medium,0.0
256.0,593.0,CAPILLARY,Capillary Technologies India Limited,0.0603344569231538,113.566822352,2.3720678813450338,52.23,999.0,0.0,1,0,0.0,promoter_stake_declining,medium,0.0
257.0,594.0,GARUDA,Garuda Construction and Engineering Limited,0.06030946307935985,113.566822352,2.3710852406266385,67.56,999.0,0.0,1,0,0.0,,,
258.0,1841.0,ZEEL,Zee Entertainment Enterprises Limited,0.019229007974072967,1116.6663736,7.433325167679287,3.99,79.3035479632063,4.0,0,0,0.0,,,
259.0,149.0,LANDMARK,Landmark Cars Limited,0.10059192873528942,40.73624575,1.4186299704038503,49.8,9.00131406044678,7.0,0,0,0.0,,,
260.0,434.0,RKFORGE,Ramkrishna Forgings Limited,0.06867102940661997,86.625,2.0593473457530695,43.33,3.219448094612352,1.0,0,0,0.0,,,
261.0,837.0,ORCHPHARMA,Orchid Pharma Limited,0.05041854257708299,160.1616153,2.7954810747954486,69.84,29.993429697766096,3.0,0,0,0.0,,,
262.0,368.0,ERIS,Eris Lifesciences Limited,0.07332409170094156,75.72069307249998,1.9220984576535642,53.92,3.0223390275952693,6.0,0,0,0.0,,,
263.0,407.0,SIYSIL,Siyaram Silk Mills Limited,0.07009100729165522,82.80195,2.0091675941023612,67.44,3.2851511169513796,6.0,0,0,0.0,,,
264.0,157.0,FLUOROCHEM,Gujarat Fluorochemicals Limited,0.09869045481303292,41.34525775,1.4126205128589933,61.39,9.00131406044678,14.0,0,0,0.0,,,
265.0,624.0,SUDEEPPHRM,Sudeep Pharma Limited,0.05895236514283439,113.566822352,2.31773051446789,76.15,999.0,0.0,1,0,0.0,,,
266.0,627.0,TENNIND,Tenneco Clean Air India Limited,0.058763416072395006,113.566822352,2.310301923177674,74.79,999.0,0.0,1,0,0.0,,,
267.0,628.0,DENTA,Denta Water and Infra Solutions Limited,0.05872457438716581,113.566822352,2.3087748502795646,71.91,999.0,0.0,0,1,0.0,,,
268.0,629.0,FIRSTCRY,Brainbees Solutions Limited,0.058719951562106534,113.566822352,2.3085931024789974,0.0,999.0,0.0,0,0,0.0,,,
269.0,134.0,LLOYDSENT,Lloyds Enterprises Limited,0.10769935406295926,33.597983475,1.2527262987225316,62.72,9.658344283837057,1.0,0,0,0.0,,,
270.0,1679.0,BATAINDIA,Bata India Limited,0.024100078589030665,669.6,5.586467516713292,50.16,48.02890932982917,2.0,0,0,0.0,,,
271.0,136.0,NPST,Network People Services Technologies Limited,0.10623989549172567,33.879347525,1.246098360995963,60.52,9.822601839684625,4.0,0,0,0.0,lockin_expiry_mpc,high,84.0
272.0,1080.0,ASTRAL,Astral Limited,0.04362454063122127,200.3188,3.0252358040674165,54.22,29.993429697766096,4.0,0,0,0.0,,,
273.0,79.0,STALLION,Stallion India Fluorochemicals Limited,0.12496676224597637,24.079176,1.0417824951997607,47.8,3.9750328515111693,3.0,0,1,0.0,,,
274.0,221.0,ACL,Andhra Cements Limited,0.08733626469866389,48.8497168,1.4769909489085549,75.0,3.0223390275952693,3.0,0,0,0.0,,,
275.0,665.0,SPARC,Sun Pharma Advanced Research Company Limited,0.057241924955297056,113.566822352,2.25048402815267,65.67,41.98423127463863,1.0,0,0,0.0,,,
276.0,731.0,PRUDENT,Prudent Corporate Advisory Services Limited,0.054432409656271157,125.52065562500002,2.365278063307826,55.31,20.992115637319316,3.0,0,0,0.0,,,
277.0,833.0,WELSPUNLIV,Welspun Living Limited,0.05053329056973713,145.11005699999998,2.538537175136548,66.24,20.992115637319316,7.0,0,0,0.0,,,
278.0,1093.0,DLF,DLF Limited,0.04308094392461715,198.83499999999998,2.965409904809862,74.08,33.01576872536137,7.0,0,0,0.0,,,
279.0,270.0,PSPPROJECT,PSP Projects Limited,0.08234980143410502,53.357350000000004,1.5211651140008462,68.82,10.873850197109066,8.0,0,0,0.0,,,
280.0,1488.0,NATIONALUM,National Aluminium Company Limited,0.02967530219263583,403.3260597,4.143389225876919,51.28,63.50197109067017,7.0,0,0,0.0,,,
281.0,258.0,MAHSEAMLES,Maharashtra Seamless Limited,0.08339396070049027,50.7470141,1.465094192830366,70.28,0.0657030223390276,2.0,0,0,0.0,,,
282.0,196.0,CCAVENUE,AvenuesAI Limited,0.09004220302661171,42.4919123,1.324574624747468,27.29,3.219448094612352,5.0,0,0,0.0,,,
283.0,555.0,APLAPOLLO,APL Apollo Tubes Limited,0.062086272508188496,86.625,1.8618797708763366,28.25,24.014454664914584,11.0,0,0,0.0,,,
284.0,1936.0,ENDURANCE,Endurance Technologies Limited,0.016597163093197444,1205.3001935,6.925192333051764,75.0,87.84494086727989,1.0,0,0,0.0,,,
285.0,1296.0,INDORAMA,Indo Rama Synthetics (India) Limited,0.035498130148701866,263.2673402,3.235251138534895,74.84,27.792378449408673,1.0,0,0,0.0,,,
286.0,326.0,VIMTALABS,Vimta Labs Limited,0.07662109204855684,56.2385,1.4917660328874138,35.85,9.00131406044678,3.0,0,0,0.0,,,
287.0,762.0,WALCHANNAG,Walchandnagar Industries Limited,0.05338456721770185,113.566822352,2.098830812679772,31.59,27.398160315374508,2.0,0,0,0.0,,,
288.0,1088.0,VRLLOG,VRL Logistics Limited,0.043356701852569624,170.574396,2.5602215648609588,60.24,33.01576872536137,4.0,0,0,0.0,,,
289.0,768.0,AWHCL,Antony Waste Handling Cell Limited,0.053101591304337996,113.566822352,2.0877055269058467,46.09,999.0,0.0,0,0,0.0,,,
290.0,723.0,VBL,Varun Beverages Limited,0.055009968446056046,103.613439,1.9731881943653735,59.44,33.01576872536137,8.0,0,0,0.0,,,
291.0,15.0,DAVANGERE,Davangere Sugar Company Limited,0.18133957572299692,9.440944,0.5928015200202046,41.78,9.00131406044678,15.0,0,0,0.0,,,
292.0,722.0,CDSL,Central Depository Services (India) Limited,0.055217689181388814,101.5042646,1.940321647701465,15.0,36.038107752956634,4.0,0,0,0.0,,,
293.0,116.0,FEDFINA,Fedbank Financial Services Limited,0.11239039666005157,24.202,0.9417186683183302,60.79,22.109067017082786,1.0,0,0,0.0,,,
294.0,803.0,IDEA,Vodafone Idea Limited,0.05162020043065391,113.566822352,2.0294641853842132,25.64,27.266754270696453,1.0,0,0,0.0,,,
295.0,809.0,ITDC,India Tourism Development Corporation Limited,0.051410455895214556,113.566822352,2.021218013939644,87.03,999.0,0.0,0,0,0.0,,,
296.0,815.0,GOCOLORS,Go Fashion (India) Limited,0.051328725086077394,113.566822352,2.018004741836813,54.2,999.0,0.0,0,0,0.0,,,
297.0,93.0,BAJAJHCARE,Bajaj Healthcare Limited,0.11852148382711038,21.024027375,0.8626995451102007,58.29,3.4494086727989486,2.0,0,0,0.0,,,
298.0,822.0,GRSE,Garden Reach Shipbuilders & Engineers Limited,0.05093315037480975,113.566822352,2.0024525994107125,74.5,999.0,0.0,0,0,0.0,,,
299.0,192.0,PARAGMILK,Parag Milk Foods Limited,0.0909139322969671,35.49019,1.1170359825357565,40.65,5.978975032851511,3.0,0,0,0.0,,,
300.0,172.0,KNAGRI,KN Agri Resources Limited,0.09595965793736226,31.7328,1.0542135893528957,68.86,15.013140604467806,2.0,1,0,0.0,,,
301.0,682.0,DTIL,Dhunseri Tea & Industries Limited,0.05694226935621447,90.0356184,1.7748494165513737,68.9,15.801576872536137,1.0,0,0,0.0,,,
302.0,109.0,GRMOVER,GRM Overseas Limited,0.1142252668208641,22.3125,0.8823774786302414,62.51,9.00131406044678,4.0,0,0,0.0,,,
303.0,29.0,MODIS,Modis Navnirman Limited,0.16332096811627111,10.82078,0.6119122410905558,63.79,5.683311432325887,1.0,0,0,0.0,,,
304.0,727.0,DVL,Dhunseri Ventures Limited,0.05472079060812512,96.356115525,1.8253382429225622,75.0,15.801576872536137,2.0,0,0,0.0,,,
305.0,102.0,DIAMONDYD,Prataap Snacks Limited,0.11601105376840462,21.3718485,0.8583952552329147,55.59,1.1826544021024967,12.0,0,0,0.0,,,
306.0,47.0,CEINSYS,Ceinsys Tech Limited,0.14144424905202893,14.190810863999998,0.6949611979115213,50.87,3.055190538764783,1.0,0,0,0.0,,,
307.0,521.0,ADVENZYMES,Advanced Enzyme Technologies Limited,0.06381008393229717,68.888603392,1.5217814370894343,43.26,29.993429697766096,11.0,0,0,0.0,,,
308.0,1104.0,KPIL,Kalpataru Projects International Limited,0.04240981199291036,152.54145,2.239558125699851,33.58,18.462549277266753,6.0,0,0,0.0,,,
309.0,1103.0,TSFINV,TSF INVESTMENTS LIMITED,0.04246010486629118,150.9079619,2.218203590199692,54.99,27.299605781865964,1.0,0,0,0.0,,,
310.0,197.0,CGCL,Capri Global Capital Limited,0.08997599472296158,33.597983475,1.046573545624816,59.92,12.02365308804205,2.0,0,0,0.0,,,
311.0,111.0,SURAJEST,Suraj Estate Developers Limited,0.11357979506440215,21.024027375,0.8267297571021179,69.8,17.969776609724047,1.0,0,0,0.0,,,
312.0,888.0,POLICYBZR,PB Fintech Limited,0.04879341225607813,113.566822352,1.9183281318216936,0.0,999.0,0.0,0,0,0.0,,,
313.0,909.0,MAMATA,Mamata Machinery Limited,0.048628556913149004,113.566822352,1.9118467928990879,62.45,999.0,0.0,1,0,0.0,,,
314.0,404.0,RTNPOWER,RattanIndia Power Limited,0.07040027261813234,53.5,1.3039100252633424,44.06,3.252299605781866,7.0,0,0,0.0,,,
315.0,356.0,SUDARSCHEM,Sudarshan Chemical Industries Limited,0.07427539429303529,48.0345,1.2351500953145305,8.19,2.4967148488830486,16.0,0,0,0.0,,,
316.0,150.0,AVANTEL,Avantel Limited,0.10049570701423734,26.157,0.9100667885550064,37.04,12.81208935611038,2.0,0,0,0.0,,,
317.0,917.0,TRANSRAILL,Transrail Lighting Limited,0.048192013622583095,113.566822352,1.894683958075084,71.12,999.0,0.0,1,0,0.0,,,
318.0,214.0,SMCGLOBAL,SMC Global Securities Limited,0.08795433219116161,33.95346885,1.033882008388607,66.72,6.241787122207621,2.0,0,0,0.0,,,
319.0,935.0,WAAREEENER,Waaree Energies Limited,0.047708479031458605,113.566822352,1.8756736456994116,64.19,999.0,0.0,1,0,0.0,,,
320.0,307.0,NIVABUPA,Niva Bupa Health Insurance Company Limited,0.07839171782593432,41.7678736,1.1335403188325444,55.36,12.02365308804205,2.0,1,0,0.0,,,
321.0,963.0,KALAMANDIR,Sai Silks (Kalamandir) Limited,0.0474970572542231,113.566822352,1.8673615329735778,60.97,999.0,0.0,0,0,0.0,,,
322.0,415.0,CONTROLPR,Control Print Limited,0.06975500153613269,52.528,1.268487067552105,52.98,9.132720105124836,3.0,0,0,0.0,,,
323.0,393.0,STARCEMENT,Star Cement Limited,0.07126541260095871,49.424,1.2193759971382145,58.12,10.38107752956636,13.0,0,0,0.0,,,
324.0,1280.0,EIDPARRY,EID Parry India Limited,0.0360299699092111,190.58273,2.377137685989283,41.44,17.969776609724047,3.0,0,0,0.0,,,
325.0,550.0,AMRUTANJAN,Amrutanjan Health Care Limited,0.062409475865537724,63.2937618,1.3675028273988017,46.52,20.992115637319316,2.0,0,0,0.0,,,
326.0,27.0,MASTERTR,Master Trust Limited,0.16540879862602959,8.971123214999999,0.5138210843738253,71.93,0.7227332457293035,7.0,0,0,0.0,,,
327.0,795.0,NAVINFLUOR,Navin Fluorine International Limited,0.05184922413075343,90.027,1.6159481815966765,27.11,13.567674113009199,4.0,0,0,0.0,,,
328.0,466.0,AUBANK,AU Small Finance Bank Limited,0.06691349147345098,53.753469,1.245201419848574,22.76,12.02365308804205,2.0,0,0,0.0,,,
329.0,1008.0,APEX,Apex Frozen Foods Limited,0.04596680722837505,113.566822352,1.8071992787352609,72.62,999.0,0.0,0,0,0.0,,,
330.0,1417.0,JAGRAN,Jagran Prakashan Limited,0.031206699366506746,246.260565,2.6604095018552356,69.0,39.25755584756899,1.0,0,0,0.0,,,
331.0,80.0,DDEVPLSTIK,Ddev Plastiks Industries Limited,0.12272990884648877,15.851510000000001,0.6735691369679961,75.0,4.7963206307490145,2.0,0,0,0.0,,,
332.0,1288.0,UBL,United Breweries Limited,0.03573227170986313,186.02958,2.301175003109432,70.83,33.01576872536137,2.0,0,0,0.0,,,
333.0,260.0,POWERINDIA,Hitachi Energy India Limited,0.08328567838960844,33.597983475,0.9687538103953465,71.31,15.604467805519054,1.0,0,0,0.0,,,
334.0,138.0,RACLGEAR,RACL Geartech Limited,0.1046599551168766,21.024027375,0.7618036220529555,42.69,15.013140604467806,1.0,0,0,0.0,,,
335.0,1042.0,DELHIVERY,Delhivery Limited,0.044887088606377135,113.566822352,1.7647498063318965,0.0,999.0,0.0,0,0,0.0,,,
336.0,1045.0,PNBHOUSING,PNB Housing Finance Limited,0.044773526102433826,113.566822352,1.7602850612779692,28.04,999.0,0.0,0,0,0.0,,,
337.0,275.0,SHRINGARMS,Shringar House of Mangalsutra Limited,0.08219003641850973,33.597983475,0.956009634507558,74.8,999.0,0.0,0,0,0.0,,,
338.0,142.0,BALUFORGE,Balu Forge Industries Limited,0.10324183213500505,21.024027375,0.7514813242562495,54.39,21.64914586070959,1.0,0,0,0.0,promoter_stake_declining,medium,0.0
339.0,1048.0,NHPC,NHPC Limited,0.04465105191233305,111.662952,1.7260412531362412,67.4,27.003942181340342,6.0,0,0,0.0,promoter_stake_declining,medium,0.0
340.0,636.0,GMRAIRPORT,GMR AIRPORTS LIMITED,0.05844023514439392,64.6716505,1.3084055368280387,66.33,51.01839684625492,7.0,0,0,0.0,,,
341.0,1081.0,CARTRADE,Cartrade Tech Limited,0.043620735246526994,113.566822352,1.7149627313415667,0.0,999.0,0.0,0,0,0.0,,,
342.0,1082.0,MCX,Multi Commodity Exchange of India Limited,0.04357817108464274,113.566822352,1.713289308119566,,999.0,0.0,0,0,0.0,,,
343.0,7.0,GCSL,Gretex Corporate Services Limited,0.20282884484198765,5.2172484655,0.36648222599863656,61.64,1.314060446780552,4.0,0,0,0.0,,,
344.0,135.0,ACMESOLAR,Acme Solar Holdings Limited,0.107137205277635,18.516034949999998,0.6868168193123118,71.48,0.8869908015768725,1.0,1,0,0.0,,,
345.0,438.0,KNRCON,KNR Constructions Limited,0.06837234789684907,44.6,1.055694725343985,48.81,24.014454664914584,9.0,0,0,0.0,,,
346.0,1986.0,SBIN,State Bank of India,0.014056066380813763,1051.46756598,5.116377091554359,55.52,80.68331143232588,4.0,0,0,0.0,,,
347.0,1101.0,GALLANTT,Gallantt Ispat Limited,0.04270508591412401,113.566822352,1.678963693930249,70.0,999.0,0.0,0,0,0.0,,,
348.0,153.0,SIRCA,Sirca Paints India Limited,0.09919662853193649,21.024027375,0.722036913035951,65.19,9.625492772667542,1.0,0,0,0.0,,,
349.0,343.0,TIINDIA,Tube Investments of India Limited,0.07523995047442557,35.853,0.9339037746413791,44.04,17.969776609724047,5.0,0,0,0.0,,,
350.0,1948.0,INGERRAND,Ingersoll Rand (India) Limited,0.016219917342916914,769.3003682499999,4.319642143469623,75.0,67.18134034165571,2.0,0,0,0.0,,,
351.0,635.0,VEEDOL,Veedol Corporation Limited,0.058596897054913166,58.6115685,1.1889837950537967,64.58,12.02365308804205,2.0,0,0,0.0,,,
352.0,1483.0,RITES,RITES Limited,0.029766053255806325,224.6518001,2.314927025908168,72.2,67.3784494086728,3.0,0,0,0.0,,,
353.0,322.0,VIDYAWIRES,Vidya Wires Limited,0.07683862998122915,33.597983475,0.893763694061012,72.8,999.0,0.0,1,0,0.0,,,
354.0,333.0,HARIOMPIPE,Hariom Pipe Industries Limited,0.0762722547675902,33.597983475,0.8871757889501296,57.26,24.21156373193167,2.0,0,0,0.0,,,
355.0,164.0,INNOVANA,Innovana Thinklabs Limited,0.09757338360113199,20.3466881,0.6873424294766659,72.65,5.978975032851511,1.0,1,0,0.0,,,
356.0,335.0,LATENTVIEW,Latent View Analytics Limited,0.07585891815652114,33.597983475,0.8823679825578242,65.1,39.02759526938239,3.0,0,0,0.0,,,
357.0,213.0,SUYOG,Suyog Telematics Limited,0.08797209411019367,24.617854925000003,0.7497823328929984,52.02,11.333771353482259,2.0,0,0,0.0,,,
358.0,148.0,BLUEJET,Blue Jet Healthcare Limited,0.10078956522819663,18.516034949999998,0.6461244572369983,79.81,9.00131406044678,1.0,0,0,0.0,promoter_stake_declining,medium,0.0
359.0,348.0,ABFRL,Aditya Birla Fashion and Retail Limited,0.07476991828330382,33.597983475,0.869701065542822,46.61,21.81340341655716,3.0,0,0,0.0,,,
360.0,510.0,SJS,S.J.S. Enterprises Limited,0.06439911177892195,45.0,1.003263941539279,21.15,25.229960578186596,4.0,0,0,0.0,promoter_stake_declining,medium,0.0
361.0,1852.0,MGL,Mahanagar Gas Limited,0.018769938649987022,529.6866283065001,3.441799812815101,32.5,82.35873850197109,4.0,0,0,0.0,,,
362.0,1424.0,ZYDUSLIFE,Zydus Lifesciences Limited,0.030970307683624337,194.47139605,2.085009545400867,75.01,27.135348226018397,2.0,0,0,0.0,,,
363.0,710.0,FIEMIND,Fiem Industries Limited,0.05552811768697659,59.892250000000004,1.151333685633235,54.52,9.00131406044678,6.0,0,0,0.0,,,
364.0,1168.0,SWIGGY,Swiggy Limited,0.0402857097102812,113.566822352,1.5838451683199912,0.0,999.0,0.0,1,0,0.0,,,
365.0,362.0,PACEDIGITK,Pace Digitek Limited,0.07380108767621642,33.597983475,0.8584319210705516,69.52,999.0,0.0,1,0,0.0,,,
366.0,369.0,JARO,Jaro Institute of Technology Management and Research Limited,0.07330014007562664,33.597983475,0.8526050501575292,57.28,999.0,0.0,0,0,0.0,,,
367.0,202.0,AVALON,Avalon Technologies Limited,0.08952966128905786,22.32191567,0.6918984967039524,44.42,12.02365308804205,6.0,0,0,0.0,,,
368.0,1187.0,ZUARI,Zuari Agro Chemicals Limited,0.03960635038840861,113.566822352,1.5571359459371856,65.21,999.0,0.0,0,0,0.0,,,
369.0,376.0,KALPATARU,Kalpataru Limited,0.07270531009854067,33.597983475,0.845686167848091,81.34,999.0,0.0,0,0,0.0,,,
370.0,183.0,LLOYDSME,Lloyds Metals And Energy Limited,0.09258753319880447,20.64846,0.6618926629876504,61.64,16.327201051248355,2.0,0,0,0.0,,,
371.0,200.0,SAFARI,Safari Industries (India) Limited,0.089644867909051,21.9003,0.6797047216802145,44.7,6.40604467805519,4.0,0,0,0.0,,,
372.0,387.0,MANGLMCEM,Mangalam Cement Limited,0.0716594961478855,34.185,0.8480837448831686,40.0,3.252299605781866,8.0,0,0,0.0,,,
373.0,120.0,BAJAJELEC,Bajaj Electricals Limited,0.11139082709480154,14.06298,0.5423697251702122,62.69,0.9526938239159001,10.0,0,0,0.0,,,
374.0,105.0,CAPITALSFB,Capital Small Finance Bank Limited,0.11539537488349298,13.022884999999999,0.5203188796054282,18.01,5.978975032851511,1.0,0,0,0.0,,,
375.0,700.0,GULFOILLUB,Gulf Oil Lubricants India Limited,0.05586736941283654,55.10994,1.065877145585913,67.01,20.992115637319316,2.0,0,0,0.0,,,
376.0,691.0,INDIACEM,The India Cements Limited,0.056505398926026414,52.869119350000005,1.034217143297901,75.0,5.978975032851511,12.0,0,0,0.0,,,
377.0,189.0,IREDA,Indian Renewable Energy Development Agency Limited,0.09107861700873537,20.3466881,0.6415909295927367,71.76,12.64783180026281,1.0,0,0,0.0,,,
378.0,347.0,GENESYS,Genesys International Corporation Limited,0.07499726935878599,30.0,0.7789327016575818,31.5,17.969776609724047,5.0,0,0,0.0,,,
379.0,870.0,ACI,Archean Chemical Industries Limited,0.04953082560338941,68.30826,1.1712901515170575,53.43,30.420499342969777,1.0,0,0,0.0,,,
380.0,473.0,BAJFINANCE,Bajaj Finance Limited,0.06631816158046108,37.696,0.8654751390734132,54.7,9.034165571616294,4.0,0,0,0.0,,,
381.0,716.0,TFCILTD,Tourism Finance Corporation of India Limited,0.05537438710118559,53.7126542,1.0296864031518318,3.85,15.243101182654401,6.0,0,0,0.0,,,
382.0,209.0,E2E,E2E Networks Limited,0.08841302289369014,21.024027375,0.6435447158547766,39.45,12.02365308804205,3.0,0,0,0.0,,,
383.0,215.0,ORIENTCEM,Orient Cement Limited,0.08787297171898131,21.248796,0.6464511982091142,72.66,14.290407358738502,17.0,0,0,0.0,,,
384.0,416.0,SHREEJISPG,Shreeji Shipping Global Limited,0.0697290175822652,33.597983475,0.811066833867223,90.0,999.0,0.0,0,0,0.0,,,
385.0,475.0,KOLTEPATIL,Kolte - Patil Developers Limited,0.06607286392637422,36.938898444,0.8449566564779483,73.81,12.253613666228645,5.0,0,0,0.0,,,
386.0,930.0,JSWENERGY,JSW Energy Limited,0.04784817940263921,69.5579475,1.1521993645185968,66.53,33.01576872536137,3.0,0,0,0.0,,,
387.0,432.0,INNOVISION,Innovision Limited,0.06874168755090815,33.597983475,0.7995825096894152,74.17,999.0,0.0,1,1,0.0,lockin_expiry_aif_vcf_6m; lockin_expiry_non_promoter_6m; lockin_expiry_promoter_excess_6m,high,47.0
388.0,436.0,LOTUSDEV,Sri Lotus Developers and Realty Limited,0.06857933897946439,33.597983475,0.7976941202299136,81.87,999.0,0.0,0,0,0.0,,,
389.0,442.0,TRUALT,TruAlt Bioenergy Limited,0.06820102845743321,33.597983475,0.793293726707081,70.55,999.0,0.0,1,0,0.0,,,
390.0,443.0,TMCV,Tata Motors Limited,0.06819474183593044,33.597983475,0.7932206026279706,42.56,999.0,0.0,0,0,0.0,,,
391.0,1260.0,ETERNAL,ETERNAL LIMITED,0.03685635799582917,113.566822352,1.4490191423552916,0.0,999.0,0.0,0,0,0.0,,,
392.0,451.0,UNIECOM,Unicommerce Esolutions Limited,0.06772639545603763,33.597983475,0.7877729392495976,36.02,999.0,0.0,0,0,0.0,,,
393.0,237.0,KIMS,Krishna Institute of Medical Sciences Limited,0.08557769681232506,21.024027375,0.6229068159428853,34.11,12.02365308804205,1.0,0,0,0.0,,,
394.0,51.0,QUADFUTURE,Quadrant Future Tek Limited,0.138944123416796,7.9371,0.3818758042267312,70.0,7.851511169513797,1.0,0,1,0.0,,,
395.0,670.0,BIRLANU,BirlaNu Limited,0.05716769059149067,46.85478525,0.9273135108269281,40.57,6.044678055190539,7.0,0,0,0.0,,,
396.0,454.0,JAINREC,Jain Resource Recycling Limited,0.06748644372155868,33.597983475,0.784981893278884,73.59,999.0,0.0,0,0,0.0,,,
397.0,240.0,PANAMAPET,Panama Petrochem Limited,0.08521057333853392,21.024027375,0.6202345809723808,63.16,24.014454664914584,6.0,0,0,0.0,,,
398.0,489.0,HITECH,Hi-Tech Pipes Limited,0.06526727995832705,35.64,0.8053070367154702,43.76,29.50065703022339,2.0,0,0,0.0,,,
399.0,465.0,JNKINDIA,JNK India Limited,0.06695445328290726,33.597983475,0.77879394146649,67.79,999.0,0.0,0,0,0.0,,,
400.0,1275.0,RBLBANK,RBL Bank Limited,0.03619771139418828,113.566822352,1.423124246990619,60.0,999.0,0.0,0,0,0.0,,,
401.0,470.0,MBEL,M & B Engineering Limited,0.06649476790922702,33.597983475,0.7734470202917288,70.54,999.0,0.0,0,0,0.0,,,
402.0,471.0,FABTECH,Fabtech Technologies Limited,0.06645872404910626,33.597983475,0.7730277690169778,68.94,999.0,0.0,1,0,0.0,,,
403.0,643.0,RAMCOIND,Ramco Industries Limited,0.05818735814612499,43.38,0.8738598335646626,54.79,9.85545335085414,4.0,0,0,0.0,,,
404.0,2025.0,ABB,ABB India Limited,0.009469776697511055,1637.767098,5.369012641028571,75.0,91.91852825229961,1.0,0,0,0.0,,,
405.0,257.0,NARMADA,Narmada Agrobase Limited,0.08352457047327326,21.024027375,0.6079624269463935,50.3,24.014454664914584,5.0,0,0,0.0,,,
406.0,566.0,POWERMECH,Power Mech Projects Limited,0.061487948984500045,38.74999,0.8248743038367353,58.42,24.540078843626805,6.0,0,0,0.0,,,
407.0,1282.0,DREDGECORP,Dredging Corporation of India Limited,0.03590554533761883,113.566822352,1.4116376478870534,73.47,999.0,0.0,0,0,0.0,,,
408.0,1285.0,RAMCOSYS,Ramco Systems Limited,0.035777169023552303,113.566822352,1.4065904932949347,55.68,999.0,0.0,0,0,1.0,trading_plan_disclosed,very_high,-358.0
409.0,205.0,TEAMLEASE,Teamlease Services Limited,0.08889589163261974,18.378845,0.5656566538200563,31.11,9.00131406044678,7.0,0,0,0.0,,,
410.0,262.0,SATIN,Satin Creditcare Network Limited,0.08310399741531582,21.024027375,0.6049011407215706,36.17,30.387647831800262,2.0,0,0,0.0,,,
411.0,50.0,SIGNPOST,Signpost India Limited,0.13899659742580353,7.480965,0.360071792558747,60.38,3.0223390275952693,6.0,0,0,0.0,,,
412.0,90.0,PICCADIL,Piccadily Agro Industries Limited,0.11904432716821034,10.177391025,0.41950705730162213,68.57,9.69119579500657,1.0,0,0,0.0,,,
413.0,1262.0,RPOWER,Reliance Power Limited,0.03671469384658642,106.544,1.354190253747048,24.98,27.59526938239159,5.0,0,0,0.0,,,
414.0,487.0,ARSSBL,Anand Rathi Share and Stock Brokers Limited,0.06529912134309475,33.597983475,0.7595396212139629,69.92,999.0,0.0,0,0,0.0,,,
415.0,224.0,SINDHUTRAD,Sindhu Trade Links Limited,0.08672825347433788,19.0,0.5705129783366516,74.97,5.5847568988173455,1.0,0,0,0.0,,,
416.0,664.0,GOKEX,Gokaldas Exports Limited,0.05728481154602602,43.539,0.8634584624366529,9.15,22.07621550591327,10.0,0,0,0.0,,,
417.0,494.0,EMSLIMITED,EMS Limited,0.0650342879479116,33.597983475,0.7564591592946467,69.7,999.0,0.0,0,0,0.0,,,
418.0,420.0,DUCON,Ducon Infratechnologies Limited,0.0694539462505157,29.2212845,0.7026358318287419,38.08,15.013140604467806,7.0,0,0,0.0,,,
419.0,278.0,DEVYANI,Devyani International Limited,0.08183389211214093,21.024027375,0.5956562407092709,61.36,9.00131406044678,1.0,0,0,0.0,,,
420.0,279.0,MAPMYINDIA,C.E. Info Systems Limited,0.08181779023978816,21.024027375,0.5955390376714284,51.41,24.014454664914584,1.0,0,0,0.0,,,
421.0,1304.0,GUJALKALI,Gujarat Alkalies and Chemicals Limited,0.035190673069384004,113.566822352,1.3835322230068077,47.28,999.0,0.0,0,0,0.0,,,
422.0,1314.0,PAYTM,One 97 Communications Limited,0.0350302342638338,113.566822352,1.3772245216206542,0.0,999.0,0.0,0,0,0.0,,,
423.0,1396.0,JAGSNPHARM,Jagsonpal Pharmaceuticals Limited,0.03164542484354084,136.94080475,1.5002119748217457,69.36,48.12746386333771,3.0,0,0,0.0,,,
424.0,462.0,KPITTECH,KPIT Technologies Limited,0.06702609206016368,30.507775,0.7079248288047041,39.42,39.02759526938239,2.0,0,0,0.0,promoter_stake_declining,medium,0.0
425.0,520.0,BHARATWIRE,Bharat Wire Ropes Limited,0.0638497658186474,33.597983475,0.742681156300491,41.27,48.02890932982917,1.0,0,0,0.0,,,
426.0,1580.0,SFL,Sheela Foam Limited,0.027441983387234872,181.6245224,1.7254291033050193,65.69,70.07227332457293,3.0,0,0,0.0,,,
427.0,531.0,ADVANCE,Advance Agrolife Limited,0.06347752103984701,33.597983475,0.7383513176675425,69.89,999.0,0.0,1,0,0.0,,,
428.0,74.0,HMAAGRO,HMA Agro Industries Limited,0.12622813689932155,8.4803577,0.37066611272576244,75.0,2.726675427069645,10.0,0,0,0.0,,,
429.0,1328.0,RICOAUTO,Rico Auto Industries Limited,0.03444511920399971,113.566822352,1.3542205416214392,50.34,999.0,0.0,0,0,0.0,,,
430.0,251.0,INTLCONV,International Conveyors Limited,0.08395114460431569,19.00122,0.5522801469167414,69.86,3.055190538764783,5.0,0,0,0.0,,,
431.0,542.0,AEROFLEX,Aeroflex Industries Limited,0.06290895699081368,33.597983475,0.7317379526856519,65.47,999.0,0.0,0,0,0.0,,,
432.0,319.0,LXCHEM,Laxmi Organic Industries Limited,0.07695475314053882,22.07400525,0.5881133598039441,69.35,29.993429697766096,3.0,0,0,0.0,,,
433.0,2004.0,CASTROLIND,Castrol India Limited,0.011896160449588924,923.4457575170001,3.8029550536599506,51.0,108.37713534822602,2.0,0,0,0.0,,,
434.0,161.0,SPANDANA,Spandana Sphoorty Financial Limited,0.0978113584421819,13.632276139999998,0.4616665654287307,48.16,17.41130091984231,13.0,0,0,0.0,,,
435.0,1338.0,KIRIINDUS,Kiri Industries Limited,0.03386865981510096,113.566822352,1.3315568620088403,41.71,999.0,0.0,0,0,0.0,,,
436.0,169.0,HUBTOWN,Hubtown Limited,0.09707546102255958,13.642889856,0.4585498326432713,32.84,3.0223390275952693,12.0,0,0,0.0,,,
437.0,1609.0,KIOCL,KIOCL Limited,0.0263868292535623,180.74454450000002,1.6510474939781292,99.03,66.39290407358739,2.0,0,0,0.0,,,
438.0,317.0,INDOTHAI,Indo Thai Securities Limited,0.07728372832225776,21.024027375,0.5625363024081675,56.51,5.978975032851511,1.0,0,0,0.0,,,
439.0,513.0,PFOCUS,Prime Focus Limited,0.06429073340293895,30.2208195,0.6726476354738857,60.77,9.231274638633376,5.0,0,0,0.0,,,
440.0,578.0,JIOFIN,Jio Financial Services Limited,0.06083764166558491,33.597983475,0.7076450395624755,49.13,999.0,0.0,0,0,0.0,,,
441.0,280.0,ATL,Allcargo Terminals Limited,0.08176046327458728,18.516034949999998,0.524135954323567,67.17,20.992115637319316,2.0,0,0,0.0,,,
442.0,185.0,UDS,Updater Services Limited,0.09217193781991231,14.531857577499999,0.4637525935009062,59.09,22.306176084099867,2.0,0,0,0.0,,,
443.0,605.0,TATVA,Tatva Chintan Pharma Chem Limited,0.05983227182463118,33.8876786,0.7019512603820635,72.02,33.8042049934297,6.0,0,0,0.0,,,
444.0,359.0,ETHOSLTD,Ethos Limited,0.07401936752319382,22.129669648,0.5671065300157692,50.59,15.407358738501971,11.0,0,0,0.0,,,
445.0,283.0,APOLLOPIPE,Apollo Pipes Limited,0.08136410378382634,18.2649975,0.5145241630566344,51.72,24.014454664914584,5.0,0,0,0.0,,,
446.0,339.0,LLOYDSENGG,LLOYDS ENGINEERING WORKS LIMITED,0.07556706457008584,21.024027375,0.5500409725296943,41.92,12.844940867279893,1.0,0,0,0.0,,,
447.0,1113.0,PITTIENG,Pitti Engineering Limited,0.042171779310670246,67.322685666,0.9828771996525149,54.18,18.626806833114323,2.0,0,0,0.0,,,
448.0,426.0,TRITURBINE,Triveni Turbine Limited,0.06907586064028426,24.962295,0.5969670424636073,55.84,33.96846254927726,8.0,0,0,0.0,,,
449.0,94.0,JINDRILL,Jindal Drilling And Industries Limited,0.11846485924799847,8.3851692,0.3439657247131503,66.78,12.155059132720105,9.0,0,0,0.0,,,
450.0,349.0,VISL,Vedanta Iron and Steel Limited,0.07471033118480017,21.024027375,0.5438049427577011,56.38,999.0,0.0,0,0,0.0,,,
451.0,630.0,KISSHT,OnEMI Technology Solutions Limited,0.058708638986838584,33.597983475,0.6828811245982582,24.8,999.0,0.0,1,1,0.0,,,
452.0,1386.0,IEX,Indian Energy Exchange Limited,0.03185048883584571,113.566822352,1.2522118442016625,0.0,999.0,0.0,0,0,0.0,,,
453.0,366.0,MANAKCOAT,Manaksia Coated Metals & Industries Limited,0.07366702163274252,21.024027375,0.5362108539317275,55.55,15.14454664914586,1.0,0,0,0.0,,,
454.0,1401.0,GMDCLTD,Gujarat Mineral Development Corporation Limited,0.031571723426193826,113.566822352,1.24125209568669,74.0,999.0,0.0,0,0,0.0,,,
455.0,1403.0,CEMPRO,Cemindia Projects Limited,0.03155529155113193,113.566822352,1.2406060714237344,67.46,999.0,0.0,0,0,0.0,,,
456.0,31.0,RNBDENIMS,R&B Denims Limited,0.16169786787690993,4.245913466,0.2377925325902266,57.39,4.303547963206308,1.0,0,0,0.0,,,
457.0,911.0,SHYAMMETL,Shyam Metalics and Energy Limited,0.04852582644070842,47.011298,0.789763582506161,74.59,33.01576872536137,2.0,0,0,0.0,,,
458.0,660.0,ORKLAINDIA,Orkla India Limited,0.0573927278664811,33.597983475,0.6675748446154686,75.0,999.0,0.0,1,0,0.0,,,
459.0,34.0,DEVX,Dev Accelerator Limited,0.15896411690085954,4.36,0.2400504889082879,35.09,0.49277266754270693,1.0,0,0,0.0,,,
460.0,672.0,AEQUS,Aequs Limited,0.05709571755007101,33.597983475,0.6641201104845534,59.08,999.0,0.0,1,0,0.0,,,
461.0,378.0,PROZONER,Prozone Realty Limited,0.07215036223332894,21.024027375,0.5251713247956442,53.56,20.992115637319316,4.0,0,0,0.0,,,
462.0,281.0,GOCLCORP,GOCL Corporation Limited,0.08165238892062462,16.413814000000002,0.4640208610850925,67.82,9.00131406044678,6.0,0,0,0.0,,,
463.0,1097.0,AARTIIND,Aarti Industries Limited,0.04290378755860733,59.22571145,0.8796779922549001,42.09,20.992115637319316,13.0,0,0,0.0,,,
464.0,464.0,CAPACITE,Capacit'e Infraprojects Limited,0.06697254906494864,24.0208906,0.5569637701349219,31.69,21.22207621550591,6.0,0,0,0.0,,,
465.0,324.0,ZENTEC,Zen Technologies Limited,0.07669934615618708,18.125,0.4813083389600745,48.51,9.00131406044678,7.0,0,0,0.0,,,
466.0,238.0,CONCORDBIO,Concord Biotech Limited,0.08554543215633317,14.40402,0.4266262888995701,44.08,24.605781865965834,1.0,0,0,0.0,,,
467.0,1452.0,BSE,BSE Limited,0.0304132430619696,113.566822352,1.1957060809666895,0.0,999.0,0.0,0,0,0.0,,,
468.0,633.0,HATSUN,Hatsun Agro Product Limited,0.05865487996370402,30.4658285,0.6186569507623855,73.17,22.700394218134033,6.0,0,0,0.0,,,
469.0,344.0,CHOLAHLDNG,Cholamandalam Financial Holdings Limited,0.07518590530602172,18.50617075,0.4817321617894547,46.38,17.969776609724047,11.0,0,0,0.0,,,
470.0,703.0,GANDHAR,Gandhar Oil Refinery (India) Limited,0.05576026231997412,33.597983475,0.6485864993309439,66.47,999.0,0.0,0,0,0.0,,,
471.0,11.0,MARKOLINES,Markolines Pavement Technologies Limited,0.1953615427306046,2.70421568,0.1830328392115704,54.6,0.6241787122207622,3.0,0,0,0.0,,,
472.0,720.0,ELLEN,Ellenbarrie Industrial Gases Limited,0.055326740636145996,33.597983475,0.643543906279917,77.15,999.0,0.0,0,0,0.0,,,
473.0,524.0,CENTURYPLY,Century Plyboards (India) Limited,0.0636754707077634,25.3125,0.5580154506701968,71.83,3.0223390275952693,4.0,0,0,0.0,,,
474.0,449.0,REFEX,Refex Industries Limited,0.06780087900193336,22.248135,0.5222435166838746,55.85,27.135348226018397,5.0,0,0,0.0,,,
475.0,583.0,RESPONIND,Responsive Industries Limited,0.06065863020528954,27.71,0.5819222179158627,59.14,16.52431011826544,6.0,0,0,0.0,,,
476.0,399.0,IRISDOREME,Iris Clothings Limited,0.07073259772534239,20.3466881,0.49826616408502306,61.17,12.02365308804205,1.0,0,0,0.0,,,
477.0,304.0,SHK,S H Kelkar and Company Limited,0.07894349304625077,16.271092721000002,0.4447261453981728,54.87,12.155059132720105,9.0,0,0,0.0,,,
478.0,85.0,PGEL,PG Electroplast Limited,0.12111406172363261,6.900119999999999,0.2893936986567061,43.41,12.02365308804205,8.0,0,0,0.0,,,
479.0,1792.0,NTPC,NTPC Limited,0.020764696883273356,234.012589,1.6821735428963023,51.1,65.99868593955321,11.0,0,0,0.0,,,
480.0,728.0,NEPHROPLUS,Nephrocare Health Services Limited,0.05471959777317339,33.597983475,0.6364818042074862,63.85,999.0,0.0,1,0,0.0,trading_plan_disclosed,very_high,118.0
481.0,1486.0,SCI,Shipping Corporation Of India Limited,0.029717238410465658,113.566822352,1.1683424422883464,63.75,999.0,0.0,0,0,0.0,,,
482.0,1053.0,JUSTDIAL,Just Dial Limited,0.0444826207725282,50.5836,0.7789697864101303,74.15,36.038107752956634,4.0,0,0,0.0,,,
483.0,218.0,AURUM,Aurum PropTech Limited,0.08747108337381708,13.022884999999999,0.394407974712061,47.41,9.165571616294349,1.0,0,0,0.0,,,
484.0,1700.0,BEL,Bharat Electronics Limited,0.0233599310600309,182.5580886,1.4763174295288803,51.14,76.87253613666228,11.0,0,0,0.0,,,
485.0,431.0,EFCIL,EFC (I) Limited,0.0687548788363074,21.024027375,0.5004561264412876,56.08,999.0,0.0,0,0,0.0,,,
486.0,1491.0,IFCI,IFCI Limited,0.029568316603852823,113.566822352,1.162487535286397,72.57,999.0,0.0,0,0,0.0,,,
487.0,732.0,LAXMIDENTL,Laxmi Dental Limited,0.05435024690940837,33.597983475,0.6321856267185867,41.77,999.0,0.0,0,1,0.0,,,
488.0,739.0,DAMCAPITAL,Dam Capital Advisors Limited,0.05411675590959817,33.597983475,0.6294697300586469,40.0,999.0,0.0,1,0,0.0,,,
489.0,742.0,BHARATCOAL,Bharat Coking Coal Limited,0.054025031005934726,33.597983475,0.6284028137334123,90.0,999.0,0.0,1,1,0.0,,,
490.0,440.0,SGFIN,SG Finserve Limited,0.068292107020436,21.024027375,0.4970876819858971,52.91,999.0,0.0,0,0,0.0,,,
491.0,375.0,ARTEMISMED,Artemis Medicare Services Limited,0.07274847242370733,18.516034949999998,0.4663634291225096,58.39,12.02365308804205,3.0,0,0,0.0,,,
492.0,2015.0,GILLETTE,Gillette India Limited,0.010441302373870568,892.1433400000001,3.224722407106891,75.0,102.26675427069645,4.0,0,0,0.0,,,
493.0,757.0,RPPINFRA,R.P.P. Infra Projects Limited,0.05363448098096578,33.7508443,0.6266982491757003,39.18,22.043363994743757,6.0,0,0,0.0,,,
494.0,753.0,INDIASHLTR,India Shelter Finance Corporation Limited,0.053691530140730845,33.597983475,0.6245236325802609,47.54,999.0,0.0,0,0,0.0,promoter_stake_declining,medium,0.0
495.0,61.0,RELTD,Ravindra Energy Limited,0.13470815172652884,5.333125,0.24880174155760162,58.26,0.19710906701708278,8.0,0,0,0.0,,,
496.0,232.0,ARIHANTSUP,Arihant Superstructures Limited,0.08589897696659729,13.022884999999999,0.3873193314692015,71.1,12.54927726675427,1.0,0,0,0.0,,,
497.0,385.0,CAMPUS,Campus Activewear Limited,0.07169120616513908,18.516034949999998,0.4595856879354557,72.1,15.013140604467806,1.0,0,0,0.0,,,
498.0,117.0,PAKKA,PAKKA LIMITED,0.11206435162732307,7.559196,0.29333852295767643,39.27,0.7227332457293035,2.0,0,0,0.0,,,
499.0,1831.0,MOIL,MOIL Limited,0.019454775376574963,250.7508736,1.6887851015837478,64.68,77.46386333771353,5.0,0,0,0.0,,,
500.0,460.0,AHCL,Anlon Healthcare Limited,0.06718163210276962,21.024027375,0.48900470685436276,52.68,999.0,0.0,0,0,0.0,,,
501.0,1143.0,SOTL,Savita Oil Technologies Limited,0.041319739622756514,55.33151025,0.7914965419292351,68.93,27.003942181340342,3.0,0,0,0.0,,,
502.0,448.0,WOCKPHARMA,Wockhardt Limited,0.06789308574527957,20.2951839,0.47705309317619304,49.08,27.16819973718791,11.0,0,0,0.0,,,
503.0,1747.0,IGARASHI,Igarashi Motors India Limited,0.022201700287485436,189.71163164749998,1.4580993337757253,75.0,82.09592641261497,2.0,0,0,0.0,,,
504.0,779.0,PREMEXPLN,Premier Explosives Limited,0.05273375839087691,33.597983475,0.6133831213891341,41.33,999.0,0.0,0,0,0.0,,,
505.0,1641.0,RELAXO,Relaxo Footwears Limited,0.025482234793387484,143.005,1.2615290810015196,71.27,87.8777923784494,2.0,0,0,0.0,,,
506.0,604.0,VIJAYA,Vijaya Diagnostic Centre Limited,0.05989841010222397,25.515,0.5291144145699805,52.51,15.013140604467806,4.0,0,0,0.0,,,
507.0,479.0,TATACAP,Tata Capital Limited,0.0659049373366763,21.024027375,0.4797118431608916,85.41,999.0,0.0,0,0,0.0,,,
508.0,113.0,INFOBEAN,InfoBeans Technologies Limited,0.11309838055168554,7.13448,0.27941653709471925,72.83,3.9750328515111693,5.0,0,0,0.0,,,
509.0,793.0,TARSONS,Tarsons Products Limited,0.051909166899110966,33.597983475,0.6037917226623212,47.3,999.0,0.0,0,0,0.0,,,
510.0,1847.0,ACCELYA,Accelya Solutions India Limited,0.019060097817170184,248.7583179,1.641377515555096,74.66,60.67674113009198,1.0,0,0,0.0,,,
511.0,1546.0,JBMA,JBM Auto Limited,0.02810836993965244,113.566822352,1.105089279509646,67.53,999.0,0.0,0,0,0.0,,,
512.0,1547.0,BALAMINES,Balaji Amines Limited,0.028106078678946142,113.566822352,1.1049991978845455,54.59,999.0,0.0,0,0,0.0,,,
513.0,1548.0,HEROMOTOCO,Hero MotoCorp Limited,0.02809418953180034,113.566822352,1.1045317723781376,34.73,999.0,0.0,0,0,0.0,,,
514.0,802.0,JLHL,Jupiter Life Line Hospitals Limited,0.05164667491563741,33.597983475,0.600738495335545,40.91,999.0,0.0,0,0,0.0,,,
515.0,1549.0,HBLENGINE,HBL Engineering Limited,0.028080592530733285,113.566822352,1.1039972020652755,59.11,999.0,0.0,0,0,0.0,,,
516.0,1550.0,NOCIL,NOCIL Limited,0.02807495583700953,113.566822352,1.1037755937038027,33.76,999.0,0.0,0,0,0.0,,,
517.0,515.0,DIGJAMLMTD,Digjam Limited,0.06417982611198698,21.6921562,0.48199935947322337,75.0,17.969776609724047,2.0,0,0,0.0,,,
518.0,421.0,BECTORFOOD,Mrs. Bectors Food Specialities Limited,0.06941462545696885,18.516034949999998,0.4449913748129381,49.04,20.992115637319316,1.0,0,0,0.0,,,
519.0,502.0,CMRGREEN,CMR Green Technologies Limited,0.06474383588408197,21.024027375,0.47126036531371,84.0,999.0,0.0,0,1,0.0,lockin_expiry_anchor_90d,high,32.0
520.0,274.0,RADHIKAJWE,Radhika Jeweltech Limited,0.08221443733613855,13.022884999999999,0.37070570605901765,57.68,9.00131406044678,1.0,0,0,0.0,,,
521.0,505.0,ATLANTAELE,Atlanta Electricals Limited,0.06468879508649822,21.024027375,0.4708597318630921,87.27,999.0,0.0,0,0,0.0,,,
522.0,1092.0,HGS,Hinduja Global Solutions Limited,0.04314091234483551,47.212417,0.7051270826569356,67.99,24.868593955321945,3.0,0,0,0.0,,,
523.0,119.0,SOUTHWEST,South West Pinnacle Exploration Limited,0.11158350534515785,7.047746097,0.2723235890117436,68.85,0.2956636005256242,5.0,0,0,0.0,,,
524.0,276.0,PAISALO,Paisalo Digital Limited,0.08205086208373515,13.022884999999999,0.36996814363810043,41.75,9.00131406044678,3.0,0,0,0.0,,,
525.0,834.0,HAPPYFORGE,Happy Forgings Limited,0.050528925704264725,33.597983475,0.5877371747181124,78.48,999.0,0.0,0,0,0.0,,,
526.0,290.0,RITCO,Ritco Logistics Limited,0.08072506171609838,13.022884999999999,0.3639900967487367,62.68,17.969776609724047,1.0,0,0,0.0,,,
527.0,962.0,LEMONTREE,Lemon Tree Hotels Limited,0.0475442138718318,37.287,0.6137369014114357,22.32,51.01839684625492,4.0,0,0,0.0,,,
528.0,533.0,STUDDS,Studds Accessories Limited,0.063263349895519,21.024027375,0.4604841368390615,61.75,999.0,0.0,1,0,0.0,,,
529.0,194.0,DODLA,Dodla Dairy Limited,0.09060678272161858,10.22697,0.32084948812976577,58.92,9.00131406044678,10.0,0,0,0.0,,,
530.0,541.0,ALLTIME,All Time Plastics Limited,0.06293213568758539,21.024027375,0.4580732798594512,70.15,999.0,0.0,0,0,0.0,,,
531.0,296.0,DYCL,Dynamic Cables Limited,0.07965103834629603,13.022884999999999,0.35914731481740003,68.18,24.31011826544021,1.0,0,0,0.0,,,
532.0,1233.0,NLCINDIA,NLC India Limited,0.037982741683261836,57.084229432,0.750621247980218,72.2,27.003942181340342,13.0,0,0,0.0,promoter_stake_declining,medium,0.0
533.0,688.0,HALEOSLABS,HALEOS LABS LIMITED,0.05664681865469558,25.6179958,0.5024111305134288,72.11,15.440210249671484,1.0,0,0,0.0,,,
534.0,130.0,ROTO,Roto Pumps Limited,0.10928103877956918,6.875,0.26016919385887766,66.8,20.992115637319316,7.0,0,0,0.0,,,
535.0,55.0,SANSTAR,Sanstar Limited,0.13701402503105417,4.36,0.20690382419140219,64.18,0.22996057818659657,1.0,0,0,0.0,,,
536.0,114.0,PRIMO,Primo Chemicals Limited,0.11303060648079273,6.4,0.2505096766280777,32.4,7.063074901445466,1.0,0,0,0.0,,,
537.0,469.0,MUKANDLTD,Mukand Limited,0.0665973069555062,18.2988,0.42192231561006865,74.7,9.034165571616294,16.0,0,0,0.0,,,
538.0,244.0,RPSGVENT,RPSG VENTURES LIMITED,0.08462728131168544,11.31528375,0.3315588921563128,63.51,33.18002628120893,2.0,0,0,0.0,,,
539.0,381.0,ESTER,Ester Industries Limited,0.0720057406615939,15.604859999999999,0.3890353471698304,62.32,7.35873850197109,5.0,0,0,0.0,,,
540.0,1266.0,APARINDS,Apar Industries Limited,0.03646702926718058,60.435,0.7629681385505267,57.77,31.011826544021023,4.0,0,0,0.0,,,
541.0,883.0,FORCEMOT,FORCE MOTORS LTD,0.048885025482438386,33.597983475,0.5686158247501841,61.63,999.0,0.0,0,0,0.0,,,
542.0,561.0,INDSWFTLAB,Ind-Swift Laboratories Limited,0.06166124666919502,21.024027375,0.44882267530534137,42.99,15.440210249671484,1.0,0,0,0.0,,,
543.0,30.0,LEMERITE,Le Merite Exports Limited,0.1631426430409487,3.0030979999999996,0.16972707450850016,59.65,9.00131406044678,10.0,1,0,0.0,,,
544.0,1156.0,PRINCEPIPE,Prince Pipes And Fittings Limited,0.04070808959042774,48.1455,0.6785125326079713,60.95,39.02759526938239,3.0,0,0,0.0,,,
545.0,564.0,CANHLIFE,Canara HSBC Life Insurance Company Limited,0.06159495233137171,21.024027375,0.4483401290762798,62.0,999.0,0.0,0,0,0.0,,,
546.0,918.0,IDFCFIRSTB,IDFC First Bank Limited,0.048176183370372216,33.597983475,0.5603707877845194,0.0,33.01576872536137,1.0,0,0,0.0,,,
547.0,506.0,ROML,Raj Oil Mills Limited,0.06468726608431494,18.5871533,0.4162786145334263,75.0,13.304862023653088,1.0,0,0,0.0,promoter_stake_declining,medium,0.0
548.0,579.0,GODIGIT,Go Digit General Insurance Limited,0.06081455186418293,21.024027375,0.4426597148061578,73.01,999.0,0.0,0,0,0.0,,,
549.0,580.0,SENORES,Senores Pharmaceuticals Limited,0.06081437013625737,21.024027375,0.4426583920367016,45.82,999.0,0.0,1,0,0.0,,,
550.0,584.0,MASFIN,MAS Financial Services Limited,0.06062278931953986,21.024027375,0.4412639049100037,66.65,24.31011826544021,1.0,0,0,0.0,,,
551.0,932.0,WEL,Wonder Electricals Limited,0.04778620838892466,33.597983475,0.5558347167991948,71.79,999.0,0.0,0,0,0.0,,,
552.0,590.0,TAJGVK,Taj GVK Hotels & Resorts Limited,0.06039694919990886,21.024027375,0.4396200496174265,71.0,5.978975032851511,1.0,0,0,0.0,,,
553.0,272.0,TEXRAIL,Texmaco Rail & Engineering Limited,0.08228070192854745,11.271,0.321103918104234,48.34,27.135348226018397,2.0,0,0,0.0,,,
554.0,958.0,MSTCLTD,Mstc Limited,0.04762240446399747,33.597983475,0.5539293991083357,64.75,999.0,0.0,0,0,0.0,,,
555.0,601.0,GSPCROP,GSP Crop Science Limited,0.05996842321256136,21.024027375,0.43650087524991804,71.73,999.0,0.0,1,1,0.0,lockin_expiry_aif_vcf_6m; lockin_expiry_non_promoter_6m; lockin_expiry_promoter_excess_6m,high,48.0
556.0,518.0,BOROLTD,Borosil Limited,0.06389965456806741,18.516034949999998,0.4096369453717403,64.69,20.992115637319316,2.0,0,0,0.0,,,
557.0,603.0,WEWORK,WeWork India Management Limited,0.05994055701413904,21.024027375,0.4362980415025955,49.42,999.0,0.0,1,0,0.0,promoter_stake_declining,medium,0.0
558.0,1627.0,JINDALSAW,Jindal Saw Limited,0.025787488038842978,113.566822352,1.0138430879624667,63.25,999.0,0.0,0,0,0.0,,,
559.0,966.0,IXIGO,Le Travenues Technology Limited,0.047336359052913446,33.597983475,0.5506022054384054,0.0,999.0,0.0,0,0,0.0,,,
560.0,1284.0,LMW,LMW Limited,0.03580276878795847,58.5479149,0.7256814757353938,30.8,13.042049934296976,1.0,0,0,0.0,,,
561.0,180.0,SHREEPUSHK,Shree Pushkar Chemicals & Fertilisers Limited,0.09296933825324963,8.642905,0.27823383392761586,69.36,15.407358738501971,3.0,0,0,0.0,,,
562.0,273.0,FOODSIN,Foods & Inns Limited,0.08223859095545329,11.0442546235,0.3144842835385514,25.39,3.712220762155059,9.0,0,0,0.0,,,
563.0,609.0,BHARATSE,Bharat Seats Limited,0.05944513462721736,21.024027375,0.43269193859168187,74.66,999.0,0.0,0,0,0.0,,,
564.0,396.0,LINCOLN,Lincoln Pharmaceuticals Limited,0.0709162633870705,14.734137,0.3617730094306516,49.78,33.14717477003942,2.0,0,0,0.0,,,
565.0,81.0,NATCAPSUQ,Natural Capsules Limited,0.1225693257830957,4.902528480000001,0.20811104770830427,51.04,3.876478318002628,1.0,0,0,0.0,,,
566.0,982.0,BESTAGRO,Best Agrolife Limited,0.0465909681449372,33.597983475,0.5419320439376721,50.44,999.0,0.0,0,0,0.0,,,
567.0,631.0,VENTIVE,Ventive Hospitality Limited,0.05869319658351515,21.024027375,0.42721869789888717,88.98,999.0,0.0,1,0,0.0,,,
568.0,1649.0,CHENNPETRO,Chennai Petroleum Corporation Limited,0.02522529495865413,113.566822352,0.991740292700235,67.29,999.0,0.0,0,0,0.0,,,
569.0,190.0,SARVESHWAR,Sarveshwar Foods Limited,0.09107355759261003,8.6524271,0.27286045076297344,40.87,9.42838370565046,9.0,0,0,0.0,,,
570.0,637.0,PNGSREVA,PNGS Reva Diamond Jewellery Limited,0.05840491632083256,21.024027375,0.42512035046473506,63.09,999.0,0.0,1,1,0.0,lockin_expiry_aif_vcf_6m; lockin_expiry_non_promoter_6m; lockin_expiry_promoter_excess_6m,high,28.0
571.0,640.0,GKSL,Gujarat Kidney And Super Speciality Limited,0.058352392830175195,21.024027375,0.4247380401017986,71.45,999.0,0.0,1,0,0.0,,,
572.0,72.0,PROSTARM,Prostarm Info Systems Limited,0.12721245544426424,4.4235,0.19489898832740815,72.82,11.990801576872535,1.0,0,0,0.0,,,
573.0,435.0,IPL,India Pesticides Limited,0.06859145172684157,15.207519750000001,0.36115365762311463,63.65,30.12483574244415,3.0,0,0,0.0,,,
574.0,554.0,ARIHANT,Arihant Foundations & Housing Limited,0.06212866593812201,18.516034949999998,0.398283795224643,42.87,999.0,0.0,0,0,0.0,,,
575.0,1560.0,HATHWAY,Hathway Cable & Datacom Limited,0.027810724193149994,92.29375395,0.8885804276262368,75.0,62.155059132720105,6.0,0,0,0.0,,,
576.0,1039.0,POLYPLEX,Polyplex Corporation Limited,0.045004079846179344,35.075,0.5464850366170342,26.73,25.03285151116951,6.0,0,0,0.0,,,
577.0,67.0,BAJEL,Bajel Projects Limited,0.12984654494356898,4.2099985,0.18933765873618738,62.53,9.034165571616294,5.0,0,0,0.0,,,
578.0,264.0,SRGHFL,SRG Housing Finance Limited,0.08301240568172163,10.177391025,0.2925321252633951,59.03,15.440210249671484,3.0,0,0,0.0,,,
579.0,582.0,WONDERLA,Wonderla Holidays Limited,0.06065984598093744,18.9,0.39693070483864024,62.25,18.791064388961892,2.0,0,0,0.0,,,
580.0,1662.0,REDINGTON,Redington Limited,0.024726491742120216,113.566822352,0.9721296895823733,0.0,999.0,0.0,0,0,0.0,,,
581.0,659.0,DATAPATTNS,Data Patterns (India) Limited,0.05744259669412993,21.024027375,0.41811577477601014,42.41,39.61892247043364,1.0,0,0,0.0,,,
582.0,342.0,VOLTAMP,Voltamp Transformers Limited,0.07531957471594479,12.1972018,0.31808773132750673,30.0,9.00131406044678,9.0,0,0,0.0,,,
583.0,337.0,PAGEIND,Page Industries Limited,0.07569995025658416,12.0737412,0.3164587388571033,42.89,17.969776609724047,11.0,0,0,0.0,,,
584.0,570.0,BUILDPRO,Shankara Buildpro Limited,0.06111025462657746,18.516034949999998,0.391755138667529,40.18,999.0,0.0,0,0,0.0,,,
585.0,1668.0,ICICIBANK,ICICI Bank Limited,0.024537614975271908,113.566822352,0.9647039409302589,0.0,999.0,0.0,0,0,0.0,,,
586.0,1824.0,ANDHRAPAP,ANDHRA PAPER LIMITED,0.019662942155858728,176.78592185,1.2033818506293388,72.45,69.15243101182654,4.0,0,0,0.0,,,
587.0,1254.0,BBOX,Black Box Limited,0.0373679777886286,48.5,0.6274261902804683,69.99,31.471747700394218,1.0,0,0,0.0,,,
588.0,653.0,HALDER,Halder Venture Limited,0.057675892324457495,20.3466881,0.4062899787772378,73.69,999.0,0.0,0,0,0.0,,,
589.0,591.0,AEROPLANE,Amir Chand Jagdish Kumar (Exports) Limited,0.0603639931770286,18.516034949999998,0.38697113376627795,78.78,999.0,0.0,0,0,0.0,,,
590.0,551.0,DBL,Dilip Buildcon Limited,0.06230146064871322,17.281195,0.37275908303439376,63.14,12.582128777923783,3.0,0,0,0.0,,,
591.0,386.0,WAAREEINDO,Indosolar Limited,0.07168119720781918,13.022884999999999,0.3232112227860484,74.93,9.00131406044678,2.0,0,0,0.0,,,
592.0,340.0,CHOICEIN,Choice International Limited,0.07555607104985598,11.70375,0.30617977107530286,53.65,6.83311432325887,3.0,0,0,0.0,,,
593.0,308.0,CHEVIOT,Cheviot Company Limited,0.07802809934710696,10.951559999999999,0.2958793177416531,74.88,9.658344283837057,4.0,0,0,0.0,,,
594.0,693.0,CRAMC,Canara Robeco Asset Management Company Limited,0.05631066697378754,21.024027375,0.4098766334549265,75.0,999.0,0.0,1,0,0.0,,,
595.0,388.0,RHETAN,Rhetan TMT Limited,0.07150575848796596,13.022884999999999,0.3224201678737904,62.12,999.0,0.0,0,0,0.0,,,
596.0,1055.0,PROTEAN,Protean eGov Technologies Limited,0.044425229849960106,33.597983475,0.5167408314009444,0.0,999.0,0.0,0,1,0.0,,,
597.0,676.0,INDOSTAR,IndoStar Capital Finance Limited,0.05703545576332973,20.3466881,0.4017785105304184,70.38,24.014454664914584,2.0,0,0,0.0,,,
598.0,724.0,ALLCARGO,Allcargo Logistics Limited,0.054946700761421635,21.769633370999998,0.4141310407349928,40.28,24.014454664914584,3.0,0,0,0.0,,,
599.0,614.0,CNL,Creative Newtech Limited,0.059225296443958436,18.516034949999998,0.3796713720603243,56.62,20.992115637319316,1.0,0,0,0.0,,,
600.0,692.0,INA,Insolation Energy Limited,0.05648380891620349,20.3466881,0.3978925093472792,66.12,999.0,0.0,0,0,0.0,,,
601.0,1688.0,GVPIL,GE Power India Limited,0.023898217335414983,113.566822352,0.939565824466491,68.58,999.0,0.0,0,0,0.0,,,
602.0,617.0,BCPL,BCPL Railway Infrastructure Limited,0.05917805106531718,18.516034949999998,0.379368499490506,72.87,999.0,0.0,0,0,0.0,,,
603.0,403.0,CENTUM,Centum Electronics Limited,0.07048560956712044,13.022884999999999,0.3178203063623482,46.88,9.00131406044678,2.0,0,0,0.0,,,
604.0,713.0,KRYSTAL,Krystal Integrated Services Limited,0.05543829489058844,21.024027375,0.40352677202017995,69.96,999.0,0.0,0,0,0.0,,,
605.0,625.0,LUXIND,Lux Industries Limited,0.05889394980342352,18.612875,0.3795215978359478,74.19,45.565045992115635,4.0,0,0,0.0,,,
606.0,620.0,AEPL,Artemis Electricals and Projects Limited,0.05904110174599728,18.516034949999998,0.37849056828389543,72.45,999.0,0.0,0,0,0.0,,,
607.0,695.0,GLAND,Gland Pharma Limited,0.0563044406782222,20.3466881,0.39662897419132936,51.83,24.014454664914584,1.0,0,0,0.0,,,
608.0,623.0,ALGOQUANT,Algoquant Fintech Limited,0.05897437837520184,18.516034949999998,0.3780628295428599,73.68,999.0,0.0,0,0,0.0,,,
609.0,1010.0,SJVN,SJVN Limited,0.04590256924894161,30.47647,0.4843222258847973,81.85,33.01576872536137,10.0,0,0,0.0,,,
610.0,1100.0,STAR,Strides Pharma Science Limited,0.04280492126913915,35.03625315,0.5192064709564029,27.91,27.003942181340342,8.0,0,0,0.0,,,
611.0,914.0,CARBORUNIV,Carborundum Universal Limited,0.048335210174077735,27.45,0.4593482805134133,38.89,9.95400788436268,5.0,0,0,0.0,,,
612.0,303.0,DYNAMATECH,Dynamatic Technologies Limited,0.07897106862955425,10.1495,0.2775281378340493,41.5,3.219448094612352,7.0,0,0,0.0,,,
613.0,417.0,EUROPRATIK,Euro Pratik Sales Limited,0.06967120113880847,13.022884999999999,0.31414813075402476,70.48,999.0,0.0,0,0,0.0,,,
614.0,19.0,ARIS,Arisinfra Solutions Limited,0.17463329947141157,2.0462741,0.12383712976518099,37.59,3.219448094612352,1.0,0,0,0.0,,,
615.0,498.0,BCLIND,Bcl Industries Limited,0.06486598045594752,14.75,0.33126423775542957,58.23,20.992115637319316,6.0,0,0,0.0,,,
616.0,173.0,GNA,GNA Axles Limited,0.09579846092314018,6.7525336,0.22400933303753787,68.43,0.42706964520367935,3.0,0,0,0.0,promoter_stake_declining,medium,0.0
617.0,230.0,AXITA,Axita Cotton Limited,0.08599743431694427,8.3730217,0.24933409434452863,41.93,21.22207621550591,13.0,0,0,0.0,,,
618.0,736.0,TEGA,Tega Industries Limited,0.05425683686025959,21.024027375,0.3949271217928989,67.5,36.038107752956634,1.0,0,0,0.0,,,
619.0,652.0,ADVAIT,Advait Energy Transitions Limited,0.05772506189697586,18.516034949999998,0.3700539257482717,66.8,999.0,0.0,0,0,0.0,,,
620.0,737.0,MIDWESTLTD,Midwest Limited,0.054145027304829854,21.024027375,0.3941132773362356,77.13,999.0,0.0,1,0,0.0,,,
621.0,21.0,MOSCHIP,Moschip Technologies Limited,0.17306128588122172,2.03481,0.12203555469441171,39.83,3.0223390275952693,7.0,0,0,0.0,promoter_stake_declining,medium,0.0
622.0,1713.0,GMBREW,GM Breweries Limited,0.02313900403910707,113.566822352,0.9097171183190924,74.43,999.0,0.0,0,0,0.0,,,
623.0,756.0,CARRARO,Carraro India Limited,0.05366401496135809,21.024027375,0.3906120629023123,68.77,999.0,0.0,1,0,0.0,,,
624.0,346.0,DOLLAR,Dollar Industries Limited,0.07509536673924642,10.71631965,0.27864308821565875,72.48,27.003942181340342,8.0,0,0,0.0,,,
625.0,1961.0,GAIL,GAIL (India) Limited,0.015510707323534224,251.0703246,1.3481328639351595,51.88,63.40341655716163,3.0,0,0,0.0,,,
626.0,759.0,RUBICON,Rubicon Research Limited,0.05349808568183828,21.024027375,0.38940428934649846,59.86,999.0,0.0,1,0,0.0,,,
627.0,360.0,LANCORHOL,Lancor Holdings Limited,0.07395252137185385,11.0016,0.2817059632574751,51.31,18.00262812089356,1.0,0,0,0.0,,,
628.0,679.0,CENTRALBK,Central Bank of India,0.056985648051741146,18.516034949999998,0.36531381829424975,81.19,15.111695137976346,1.0,0,0,0.0,,,
629.0,1109.0,RAIN,Rain Industries Limited,0.04218739542334918,33.597983475,0.49071101847594445,41.35,999.0,0.0,0,0,0.0,,,
630.0,1056.0,LIKHITHA,Likhitha Infrastructure Limited,0.04442028903884421,30.173080704000004,0.4640172078781104,70.25,41.98423127463863,2.0,0,0,0.0,,,
631.0,598.0,MANORAMA,Manorama Industries Limited,0.060132351893772584,16.38978,0.341224731390201,54.32,17.969776609724047,4.0,0,0,0.0,,,
632.0,746.0,JAYKAY,Jaykay Enterprises Limited,0.05384022904497545,20.3466881,0.3792701705070751,65.19,999.0,0.0,0,0,0.0,,,
633.0,1128.0,PRICOLLTD,Pricol Limited,0.041877885048974,33.597983475,0.48711088745305475,38.51,999.0,0.0,0,0,0.0,,,
634.0,961.0,PHOENIXLTD,The Phoenix Mills Limited,0.047551178563686465,26.013984,0.4282586807382385,47.25,22.24047306176084,4.0,0,0,0.0,,,
635.0,459.0,PATELRMART,Patel Retail Limited,0.06720225277509292,13.022884999999999,0.3030156183139972,70.0,999.0,0.0,0,0,0.0,,,
636.0,749.0,HILINFRA,Highway Infrastructure Limited,0.05372621349106805,20.3466881,0.37846700344523376,70.04,999.0,0.0,0,0,0.0,,,
637.0,751.0,HDBFS,HDB Financial Services Limited,0.053700092542325224,20.3466881,0.3782829979746177,74.12,999.0,0.0,0,0,0.0,,,
638.0,752.0,FOSECOIND,Foseco India Limited,0.053695229703244314,20.3466881,0.3782487423661242,63.54,6.14323258869908,1.0,0,0,0.0,,,
639.0,696.0,CELEBRITY,Celebrity Fashions Limited,0.05614509297564068,18.516034949999998,0.3599253319852397,33.15,15.243101182654401,3.0,0,0,0.0,,,
640.0,2000.0,BPCL,Bharat Petroleum Corporation Limited,0.012332387560716302,383.32865864999997,1.6365258660584483,52.98,80.68331143232588,2.0,0,0,0.0,,,
641.0,467.0,ELECTHERM,Electrotherm (India) Limited,0.06690446871168815,13.022884999999999,0.3016729070450962,29.9,17.969776609724047,1.0,0,0,0.0,,,
642.0,763.0,EMKAY,Emkay Global Financial Services Limited,0.05334485908459817,20.3466881,0.3757806041982203,72.21,15.013140604467806,2.0,0,0,0.0,,,
643.0,766.0,JINDWORLD,Jindal Worldwide Limited,0.053305603920831654,20.3466881,0.3755040765363009,61.76,20.992115637319316,2.0,0,0,0.0,,,
644.0,1951.0,JYOTHYLAB,Jyothy Labs Limited,0.016062831477968116,223.98078,1.2454864758723223,62.89,79.96057818659658,1.0,0,0,0.0,,,
645.0,819.0,THANGAMAYL,Thangamayil Jewellery Limited,0.051048799891391515,22.035044069999998,0.3894430783811662,61.61,20.992115637319316,9.0,0,0,0.0,,,
646.0,512.0,KPRMILL,K.P.R. Mill Limited,0.06430274117161926,13.85376625,0.3084373769425515,67.52,12.02365308804205,13.0,0,0,0.0,,,
647.0,106.0,ASIANTILES,Asian Granito India Limited,0.11537971094365884,4.3,0.1718374841721764,38.79,2.3653088042049935,7.0,0,0,0.0,,,
648.0,392.0,WESTLIFE,WESTLIFE FOODWORLD LIMITED,0.07127926620032367,11.2623143,0.27795602642271716,56.36,6.636005256241787,3.0,0,0,0.0,,,
649.0,708.0,BIOCON,Biocon Limited,0.05555511926512245,18.516034949999998,0.35614322971473555,44.91,12.3850197109067,1.0,0,0,0.0,,,
650.0,711.0,BRIGHOTEL,Brigade Hotel Ventures Limited,0.05551956857491977,18.516034949999998,0.35591532744767446,74.09,999.0,0.0,0,0,0.0,,,
651.0,1740.0,KOTAKBANK,Kotak Mahindra Bank Limited,0.022412335162361192,113.566822352,0.8811479061175572,25.87,999.0,0.0,0,0,0.0,,,
652.0,1241.0,CHOLAFIN,Cholamandalam Investment and Finance Company Limited,0.037835262180115105,39.75,0.5206662715535915,49.25,29.993429697766096,2.0,0,0,0.0,,,
653.0,790.0,KEC,KEC International Limited,0.05195323360688519,21.024027375,0.3781595500866637,50.1,21.12352168199737,1.0,0,0,0.0,,,
654.0,529.0,WENDT,Wendt (India) Limited,0.06348922232752072,14.0683775,0.30925209247833574,37.5,12.02365308804205,4.0,0,0,0.0,,,
655.0,2042.0,GLAXO,GlaxoSmithKline Pharmaceuticals Limited,0.008071481606412667,869.884855,2.43062568412472,75.0,111.03810775295663,1.0,0,0,0.0,,,
656.0,782.0,FISCHER,Fischer Medical Ventures Limited,0.052701670449540876,20.3466881,0.3712497493409236,62.15,999.0,0.0,0,0,0.0,,,
657.0,805.0,SCODATUBES,Scoda Tubes Limited,0.05159974700887522,21.024027375,0.3755865758253003,66.43,999.0,0.0,0,0,0.0,,,
658.0,483.0,ARVINDFASN,Arvind Fashions Limited,0.06552959669769476,13.022884999999999,0.2954735956199705,35.1,24.014454664914584,1.0,0,0,0.0,,,
659.0,1752.0,JAYNECOIND,Jayaswal Neco Industries Limited,0.022142647784482387,113.566822352,0.8705450632364939,55.15,999.0,0.0,0,0,0.0,,,
660.0,820.0,KOTHARIPRO,Kothari Products Limited,0.05104336212100004,21.36075228,0.3774867297202063,74.99,3.1537450722733245,3.0,0,0,0.0,,,
661.0,486.0,ANUP,The Anup Engineering Limited,0.06530545060131625,13.022884999999999,0.29446291866820057,40.92,24.014454664914584,1.0,0,0,0.0,,,
662.0,788.0,FINKURVE,Finkurve Financial Services Limited,0.05201366219723446,20.3466881,0.3664031687859904,56.24,999.0,0.0,0,0,0.0,,,
663.0,730.0,CPEDU,Career Point Edutech Limited,0.05446739651083353,18.516034949999998,0.34917024324884444,63.7,999.0,0.0,0,0,0.0,,,
664.0,370.0,SHREDIGCEM,Shree Digvijay Cement Co.Ltd,0.07326536770690521,10.177391025,0.25818398524287417,59.2,5.978975032851511,2.0,0,0,0.0,,,
665.0,1125.0,RSYSTEMS,R Systems International Limited,0.041937603221703784,31.0462916,0.4507601519135968,51.85,37.71353482260184,5.0,0,0,0.0,,,
666.0,796.0,INDIQUBE,Indiqube Spaces Limited,0.05177853718359717,20.3466881,0.3647468626076084,60.1,999.0,0.0,0,0,0.0,,,
667.0,406.0,USHAMART,Usha Martin Limited,0.0702179929320377,11.06007,0.26890138612718595,40.52,5.978975032851511,9.0,0,0,0.0,,,
668.0,2038.0,PGHH,Procter & Gamble Hygiene and Health Care Limited,0.008445475647877778,763.4369192,2.232032295605685,70.64,110.9724047306176,1.0,0,0,0.0,,,
669.0,1169.0,SYRMA,Syrma SGS Technology Limited,0.04021409305341117,33.597983475,0.46775816239188894,42.28,999.0,0.0,0,0,0.0,,,
670.0,826.0,ACE,Action Construction Equipment Limited,0.05074813727508935,21.024027375,0.3693878403199283,65.42,24.014454664914584,1.0,0,0,0.0,,,
671.0,1261.0,SSWL,Steel Strips Wheels Limited,0.0367262424930874,40.000188,0.5085854681279813,61.14,27.003942181340342,2.0,0,0,0.0,,,
672.0,42.0,VINCOFE,Vintage Coffee And Beverages Limited,0.14809009307933296,2.45858945,0.12615232224891643,34.65,9.625492772667542,4.0,0,0,0.0,,,
673.0,336.0,IFGLEXPOR,IFGL Refractories Limited,0.07585047809911057,9.274788,0.24359332571860243,72.43,6.898817345597897,1.0,0,0,0.0,,,
674.0,519.0,ABCOTS,A B Cotspin India Limited,0.06385711925650196,13.022884999999999,0.2879323783983497,52.5,999.0,0.0,0,0,0.0,,,
675.0,68.0,AAATECH,AAA Technologies Limited,0.12924554394774482,3.1697499999999996,0.141918270508642,34.38,5.978975032851511,18.0,0,0,0.0,,,
676.0,495.0,TAKE,Take Solutions Limited,0.064966299376986,12.508873000000001,0.2813735353552551,0.0,5.978975032851511,10.0,0,0,0.0,,,
677.0,765.0,BELLACASA,Bella Casa Fashion & Retail Limited,0.053311120982032466,18.516034949999998,0.34175779041435195,58.34,999.0,0.0,0,0,0.0,,,
678.0,330.0,PRAXIS,Praxis Home Retail Limited,0.07639249347084985,8.992343114499999,0.23786459332222926,7.23,9.00131406044678,13.0,0,0,0.0,,,
679.0,848.0,TOLINS,Tolins Tyres Limited,0.049915461272142164,21.024027375,0.3633269205122199,68.53,999.0,0.0,0,0,0.0,,,
680.0,191.0,MEDICO,Medico Remedies Limited,0.09102678693868166,6.3014,0.19863557338290683,61.38,9.00131406044678,9.0,0,0,0.0,,,
681.0,829.0,ICICIAMC,ICICI Prudential Asset Management Company Limited,0.050639777032125945,20.3466881,0.3567250216073711,87.59,999.0,0.0,1,0,0.0,,,
682.0,774.0,AARON,Aaron Industries Limited,0.0529708135661108,18.516034949999998,0.3395762060022327,73.07,33.5742444152431,1.0,0,0,0.0,,,
683.0,1317.0,GREENLAM,Greenlam Industries Limited,0.034893582206759526,42.5087677425,0.5135090548043272,50.98,57.09592641261498,4.0,0,0,0.0,,,
684.0,538.0,ADVENTHTL,Advent Hotels International Limited,0.06296553878556232,13.022884999999999,0.2839122332912709,47.69,999.0,0.0,0,0,0.0,,,
685.0,868.0,MEDANTA,Global Health Limited,0.04955427169919714,21.024027375,0.36069787748798005,33.01,999.0,0.0,0,0,0.0,,,
686.0,372.0,SHILPAMED,Shilpa Medicare Limited,0.07283858823990555,9.728916,0.24537161740032895,40.13,5.978975032851511,10.0,0,0,0.0,,,
687.0,539.0,GUJTHEM,Gujarat Themis Biosyn Limited,0.06295571319479959,13.022884999999999,0.28386792960594304,70.86,999.0,0.0,0,0,0.0,,,
688.0,1209.0,SASKEN,Sasken Technologies Limited,0.03902238628675048,33.597983475,0.45389658986946946,42.96,999.0,0.0,0,0,0.0,,,
689.0,57.0,SALASAR,Salasar Techno Engineering Limited,0.13599029406789334,2.765889,0.1303117411056666,47.24,0.22996057818659657,19.0,0,0,0.0,promoter_stake_declining,medium,0.0
690.0,118.0,SOLEX,Solex Energy Limited,0.11201227576942775,4.0725,0.15800065737745453,66.15,12.12220762155059,2.0,1,0,0.0,,,
691.0,847.0,JUBLCPL,Jubilant Agri and Consumer Products Limited,0.04997916783356413,20.3466881,0.35207144995989936,74.36,999.0,0.0,0,0,0.0,,,
692.0,401.0,TARACHAND,Tara Chand InfraLogistic Solutions Limited,0.07063865008003692,10.177391025,0.24892754599690495,71.64,28.088042049934295,2.0,0,0,0.0,,,
693.0,553.0,MEIL,Mangal Electrical Industries Limited,0.062142701593927124,13.022884999999999,0.2802020523062742,74.79,999.0,0.0,0,0,0.0,,,
694.0,885.0,RAILTEL,Railtel Corporation Of India Limited,0.04887441110549807,21.024027375,0.35574927740313717,72.84,999.0,0.0,0,0,0.0,,,
695.0,556.0,GKENERGY,GK Energy Limited,0.06195544385591821,13.022884999999999,0.2793577053249795,79.2,999.0,0.0,0,0,0.0,,,
696.0,543.0,GOLDIAM,Goldiam International Limited,0.06289987188050748,12.55209,0.27336473120781984,58.51,17.969776609724047,14.0,0,0,0.0,,,
697.0,293.0,KRISHIVAL,Krishival Foods Limited,0.08048970966631305,7.559196,0.21068905681377995,37.23,34.26412614980289,1.0,0,0,0.0,,,
698.0,879.0,EMMVEE,Emmvee Photovoltaic Power Limited,0.0490206208439964,20.3466881,0.3453190960672607,80.03,999.0,0.0,1,0,0.0,,,
699.0,1228.0,TEAMGTY,Team India Guaranty Limited,0.03803955180789029,33.6937324,0.4437254293851611,74.92,19.743758212877793,1.0,0,0,0.0,,,
700.0,1227.0,PARADEEP,Paradeep Phosphates Limited,0.03805472308632993,33.597983475,0.4426410243183131,57.8,999.0,0.0,0,0,0.0,,,
701.0,1231.0,TBZ,Tribhovandas Bhimji Zaveri Limited,0.03800536554770935,33.597983475,0.44206691236371337,74.12,999.0,0.0,0,0,0.0,,,
702.0,1195.0,DHANUKA,Dhanuka Agritech Limited,0.0394320958357755,31.205266560000002,0.42600017882761554,69.71,41.59001314060447,5.0,0,0,0.0,,,
703.0,922.0,DOLPHIN,Dolphin Offshore Enterprises (India) Limited,0.04803839663064369,21.024027375,0.34966405737488904,74.99,999.0,0.0,0,0,0.0,,,
704.0,924.0,JGCHEM,J.G.Chemicals Limited,0.048001714598091126,21.024027375,0.34939705453477127,70.99,999.0,0.0,0,0,0.0,,,
705.0,1555.0,INDNIPPON,India Nippon Electricals Limited,0.027938986383907984,61.9676268,0.5993667084422444,70.37,36.16951379763469,5.0,0,0,0.0,,,
707.0,891.0,DRAGARWQ,Dr Agarwals Eye Hospital Limited,0.04875724116226039,20.3466881,0.3434637537224748,,999.0,0.0,0,0,0.0,,,
709.0,893.0,ELCIDIN,EL CID Investments Limited,0.04875724116226039,20.3466881,0.3434637537224748,,999.0,0.0,0,0,0.0,,,
706.0,890.0,DISAQ,Disa India Limited,0.04875724116226039,20.3466881,0.3434637537224748,,999.0,0.0,0,0,0.0,,,
711.0,895.0,ELPROINTL,Elpro International Limited,0.04875724116226039,20.3466881,0.3434637537224748,,999.0,0.0,0,0,0.0,,,
708.0,892.0,ELANTAS,Elantas Beck India Limited,0.04875724116226039,20.3466881,0.3434637537224748,,999.0,0.0,0,0,0.0,,,
717.0,901.0,HBESD,HB Estate Developers Limited,0.04875724116226039,20.3466881,0.3434637537224748,,999.0,0.0,0,0,0.0,,,
716.0,900.0,HAWKINCOOK,Hawkins Cookers Limited,0.04875724116226039,20.3466881,0.3434637537224748,,999.0,0.0,0,0,0.0,,,
715.0,899.0,GRAUWEIL,Grauer & Weil India Limited,0.04875724116226039,20.3466881,0.3434637537224748,,999.0,0.0,0,0,0.0,,,
719.0,903.0,IWP,The Indian Wood Products Company Limited,0.04875724116226039,20.3466881,0.3434637537224748,,999.0,0.0,0,0,0.0,,,
714.0,898.0,GRANDOAK,Grand Oak Canyons Distillery Limited,0.04875724116226039,20.3466881,0.3434637537224748,,999.0,0.0,0,0,0.0,,,
712.0,896.0,FRONTSP,Frontier Springs Limited,0.04875724116226039,20.3466881,0.3434637537224748,,999.0,0.0,0,0,0.0,,,
713.0,897.0,GOODYEAR,Goodyear India Limited,0.04875724116226039,20.3466881,0.3434637537224748,,999.0,0.0,0,0,0.0,,,
710.0,894.0,ELITECON,Elitecon International Limited,0.04875724116226039,20.3466881,0.3434637537224748,,999.0,0.0,0,0,0.0,,,
718.0,902.0,INDPRUD,Industrial & Prudential Investment Company Limited,0.04875724116226039,20.3466881,0.3434637537224748,,999.0,0.0,0,0,0.0,,,
720.0,818.0,CIFL,Capital India Finance Limited,0.05110664253134267,18.516034949999998,0.327625698077038,72.59,999.0,0.0,0,0,0.0,,,
721.0,925.0,CLSEL,Chaman Lal Setia Exports Limited,0.04795096177050199,21.024027375,0.349027632554381,74.05,999.0,0.0,0,0,0.0,,,
722.0,268.0,JASH,Jash Engineering Limited,0.0827172695953153,7.0356,0.20152669017079708,43.24,9.822601839684625,8.0,0,0,0.0,,,
723.0,433.0,RRKABEL,R R Kabel Limited,0.06869280949816298,10.15,0.2414191273146516,61.65,24.014454664914584,2.0,0,0,0.0,,,
724.0,1244.0,PRECAM,Precision Camshafts Limited,0.037753494767254064,33.597983475,0.43913722765667557,65.37,999.0,0.0,0,0,0.0,,,
725.0,437.0,SPECTRUM,Spectrum Electrical Industries Limited,0.06853803975161704,10.177391025,0.2415250861033928,72.72,28.515111695137975,1.0,0,1,0.0,lockin_expiry_mpc,high,52.0
726.0,140.0,TEMBO,Tembo Global Industries Limited,0.1041088399064128,4.4075169795,0.15892648836699103,37.74,12.02365308804205,8.0,0,0,0.0,,,
727.0,634.0,KEI,KEI Industries Limited,0.058622491012431756,13.773195900000001,0.27955614803118,35.0,6.471747700394218,3.0,0,0,0.0,,,
728.0,832.0,COMPUSOFT,Compucom Software Limited,0.05055920995308609,18.516034949999998,0.3241163112005389,71.49,29.993429697766096,2.0,0,0,0.0,,,
729.0,838.0,BAJAJINDEF,Indef Manufacturing Limited,0.05038979206063217,18.516034949999998,0.3230302360343232,69.61,999.0,0.0,0,0,0.0,,,
730.0,846.0,CMPDI,Central Mine Planning & Design Institute Limited,0.05003364267891762,18.516034949999998,0.32074709466512885,85.0,999.0,0.0,1,0,0.0,lockin_expiry_aif_vcf_6m; lockin_expiry_non_promoter_6m; lockin_expiry_promoter_excess_6m,high,54.0
731.0,936.0,DIGITIDE,Digitide Solutions Limited,0.04768047304930091,20.3466881,0.33587860720577667,57.37,999.0,0.0,0,0,0.0,,,
741.0,858.0,BENGALASM,Bengal & Assam Company Limited,0.049914528839404115,18.516034949999998,0.3199835000933016,,999.0,0.0,0,0,0.0,,,
746.0,863.0,COCKERILL,John Cockerill India Limited,0.049914528839404115,18.516034949999998,0.3199835000933016,,999.0,0.0,0,0,0.0,,,
747.0,864.0,COMFINTE,Comfort Intech Limited,0.049914528839404115,18.516034949999998,0.3199835000933016,,999.0,0.0,0,0,0.0,,,
736.0,853.0,ASHIKAG,Ashika Global Securities Limited,0.049914528839404115,18.516034949999998,0.3199835000933016,,999.0,0.0,0,0,0.0,,,
733.0,850.0,ABMKNO,ABM Knowledgeware Limited,0.049914528839404115,18.516034949999998,0.3199835000933016,,999.0,0.0,0,0,0.0,,,
742.0,859.0,BI,Bilcare Limited,0.049914528839404115,18.516034949999998,0.3199835000933016,,999.0,0.0,0,0,0.0,,,
740.0,857.0,BEEKAY,Beekay Steel Industries Limited,0.049914528839404115,18.516034949999998,0.3199835000933016,,999.0,0.0,0,0,0.0,,,
737.0,854.0,ASTAR,Asian Star Company Limited,0.049914528839404115,18.516034949999998,0.3199835000933016,,999.0,0.0,0,0,0.0,,,
734.0,851.0,AKCAPIT,AK Capital Services Limited,0.049914528839404115,18.516034949999998,0.3199835000933016,,999.0,0.0,0,0,0.0,,,
744.0,861.0,BIRLAPREC,Birla Precision Technologies Limited,0.049914528839404115,18.516034949999998,0.3199835000933016,,999.0,0.0,0,0,0.0,,,
743.0,860.0,BIMETAL,Bimetal Bearings Limited,0.049914528839404115,18.516034949999998,0.3199835000933016,,999.0,0.0,0,0,0.0,,,
732.0,849.0,3BBLACKBIO,3B Blackbio Dx Limited,0.049914528839404115,18.516034949999998,0.3199835000933016,,999.0,0.0,0,0,0.0,,,
735.0,852.0,AMBALALSA,Ambalal Sarabhai Enterprises Limited,0.049914528839404115,18.516034949999998,0.3199835000933016,,999.0,0.0,0,0,0.0,,,
739.0,856.0,BATLIBOI,Batliboi Limited,0.049914528839404115,18.516034949999998,0.3199835000933016,,999.0,0.0,0,0,0.0,,,
738.0,855.0,BAJAJST,Bajaj Steel Industries Limited,0.049914528839404115,18.516034949999998,0.3199835000933016,,999.0,0.0,0,0,0.0,,,
745.0,862.0,BLIL,Balmer Lawrie Investments Limited,0.049914528839404115,18.516034949999998,0.3199835000933016,,999.0,0.0,0,0,0.0,,,
748.0,865.0,DECNGOLD,Deccan Gold Mines Limited,0.049914528839404115,18.516034949999998,0.3199835000933016,,999.0,0.0,0,0,0.0,,,
749.0,1589.0,DEN,Den Networks Limited,0.027155598281591125,62.3516283,0.5861708105783623,74.9,63.17345597897503,6.0,0,0,0.0,,,
750.0,613.0,AEGISVOPAK,Aegis Vopak Terminals Limited,0.05934244202781962,13.022884999999999,0.2675756543981041,86.93,999.0,0.0,0,0,0.0,,,
751.0,1446.0,SIS,SIS LIMITED,0.03054775308473241,48.97,0.5178816207913054,71.88,53.975032851511166,2.0,0,0,0.0,,,
752.0,965.0,GRPLTD,GRP Limited,0.04735849640044013,20.3466881,0.33361048649606134,40.06,39.02759526938239,1.0,0,0,0.0,,,
753.0,286.0,AARTISURF,Aarti Surfactants Limited,0.0810693662898173,6.928044999999999,0.19449336410146023,49.87,21.846254927726676,13.0,0,0,0.0,,,
754.0,1003.0,AGARWALEYE,Dr. Agarwal's Health Care Limited,0.04645751264100707,21.024027375,0.3381570473823298,32.36,999.0,0.0,0,1,0.0,,,
755.0,439.0,LOTUSEYE,Lotus Eye Hospital and Institute Limited,0.06834130188975773,9.543340500000001,0.22583117459465815,40.14,5.978975032851511,7.0,0,0,0.0,,,
756.0,1011.0,HCC,Hindustan Construction Company Limited,0.04589937973097551,21.024027375,0.3340944842752257,16.72,18.363994743758212,4.0,0,0,0.0,promoter_stake_declining,medium,0.0
757.0,364.0,LORDSCHLO,Lords Chloro Alkali Limited,0.07372173947562598,8.136106125,0.20769660446983484,74.97,27.398160315374508,2.0,0,0,0.0,,,
758.0,835.0,TANLA,Tanla Platforms Limited,0.05052298662601822,17.268539999999998,0.3020653509642055,46.17,41.68856767411301,2.0,0,0,0.0,,,
759.0,644.0,BLUSPRING,Bluspring Enterprises Limited,0.058168152869245635,13.022884999999999,0.2622807730396536,58.17,999.0,0.0,0,0,0.0,,,
760.0,419.0,ELIN,Elin Electronics Limited,0.06950582238469127,9.0964594,0.2189266462622226,32.95,15.703022339027594,2.0,0,0,0.0,,,
761.0,99.0,PASHUPATI,Pashupati Cotspin Limited,0.11674267798672741,3.2167576,0.13008924331691626,65.99,15.013140604467806,6.0,0,0,0.0,,,
762.0,75.0,COMSYN,Commercial Syn Bags Limited,0.12538973598746792,2.7864,0.1210441605835109,59.18,3.055190538764783,1.0,0,0,0.0,,,
763.0,1112.0,INDIANB,Indian Bank,0.04217600982561851,24.59723295,0.3591632068817402,73.84,30.486202365308802,5.0,0,0,0.0,,,
764.0,1017.0,HYUNDAI,Hyundai Motor India Limited,0.04552895721622031,21.024027375,0.3313982360959163,82.5,999.0,0.0,1,0,0.0,,,
765.0,649.0,GANESHCP,Ganesh Consumer Products Limited,0.057823940540243236,13.022884999999999,0.26072871626481553,64.08,999.0,0.0,0,0,0.0,,,
766.0,476.0,JSFB,Jana Small Finance Bank Limited,0.06604640683875032,9.9609213,0.22779532763135887,21.85,22.043363994743757,1.0,0,0,1.0,promoter_stake_declining; trading_plan_disclosed,very_high,-101.0
767.0,1030.0,BLSE,BLS E-Services Limited,0.04535233593184481,21.024027375,0.3301126370908466,68.89,999.0,0.0,0,0,0.0,,,
768.0,1230.0,JAMNAAUTO,Jamna Auto Industries Limited,0.03801616889984319,29.85,0.39286747197622196,49.84,52.168199737187905,1.0,0,0,0.0,,,
769.0,1829.0,KTKBANK,The Karnataka Bank Limited,0.019462770251641608,113.566822352,0.765184847105166,0.0,999.0,0.0,0,0,0.0,,,
770.0,1009.0,IMAGICAA,Imagicaaworld Entertainment Limited,0.04595727252755883,20.3466881,0.3237397555089711,74.02,39.02759526938239,1.0,0,0,0.0,,,
771.0,245.0,GEOJITFSL,Geojit Financial Services Limited,0.08452131581355528,5.94907995,0.1741308145932141,38.48,5.978975032851511,12.0,0,0,0.0,,,
772.0,1047.0,PIXTRANS,Pix Transmissions Limited,0.04477170863538115,21.024027375,0.3258863408248595,62.06,999.0,0.0,0,0,0.0,,,
773.0,96.0,SRM,SRM Contractors Limited,0.1181198843090566,3.0100968,0.1231733849031318,72.59,9.85545335085414,2.0,0,0,0.0,,,
774.0,1305.0,MIDHANI,Mishra Dhatu Nigam Limited,0.035170812483277414,33.597983475,0.4090962487990775,74.0,999.0,0.0,0,0,0.0,,,
775.0,165.0,GICL,Globe International Carriers Limited,0.09756995657754038,4.36,0.1473396401390781,63.49,27.003942181340342,2.0,1,1,1.0,lockin_expiry_aif_vcf_6m; lockin_expiry_non_promoter_6m; lockin_expiry_promoter_excess_6m,very_high,11.0
776.0,540.0,PCJEWELLER,PC Jeweller Limited,0.0629533421743651,10.469677650000001,0.22821471088548587,38.49,15.473061760840999,5.0,0,0,0.0,,,
777.0,507.0,YASHO,Yasho Industries Limited,0.06463188930843344,9.9116104,0.22181333419580823,67.91,27.8580814717477,3.0,0,0,0.0,,,
778.0,968.0,ABDL,Allied Blenders and Distillers Limited,0.047260782801173976,18.516034949999998,0.3029713201646139,80.91,999.0,0.0,0,0,0.0,,,
779.0,1059.0,DIVGIITTS,Divgi Torqtransfer Systems Limited,0.044322005847743304,21.024027375,0.322613023804159,60.56,999.0,0.0,0,0,0.0,,,
780.0,1870.0,UNITDSPR,United Spirits Limited,0.018229490045958495,123.9045286125,0.7819360598533867,56.67,59.592641261498024,4.0,0,0,0.0,,,
781.0,698.0,CCCL,Consolidated Construction Consortium Limited,0.0560640380680843,13.022884999999999,0.2527932987192415,60.05,15.14454664914586,1.0,0,0,0.0,,,
782.0,1558.0,AHLUCONT,Ahluwalia Contracts (India) Limited,0.02787653059080518,52.5168,0.5068235740983226,55.32,57.26018396846255,5.0,0,0,0.0,,,
783.0,103.0,ISHANCH,Ishan Dyes and Chemicals Limited,0.11580092206003198,3.0311156,0.12159781181317227,40.15,9.329829172141919,1.0,0,0,0.0,,,
784.0,701.0,RSL,Rajputana Stainless Limited,0.05584138080681874,13.022884999999999,0.25178933493963007,57.03,999.0,0.0,1,1,0.0,lockin_expiry_aif_vcf_6m; lockin_expiry_non_promoter_6m; lockin_expiry_promoter_excess_6m,high,43.0
785.0,56.0,AFIL,Akme Fintrade (India) Limited,0.13641979705720964,2.1816805,0.10313359241686032,39.53,3.0223390275952693,5.0,0,0,0.0,,,
786.0,1312.0,TATAELXSI,Tata Elxsi Limited,0.03504196542824205,33.01096695,0.4004765425831286,43.9,50.09855453350854,4.0,0,0,0.0,,,
787.0,1322.0,SPMLINFRA,SPML Infra Limited,0.0347160661174358,33.597983475,0.40380677666904724,40.96,36.038107752956634,2.0,0,0,0.0,,,
788.0,704.0,WAKEFIT,Wakefit Innovations Limited,0.055739364726437916,13.022884999999999,0.2513293434304463,37.03,999.0,0.0,1,0,0.0,,,
789.0,706.0,ARMANFIN,Arman Financial Services Limited,0.055643506397909125,13.022884999999999,0.25089711728488967,22.0,27.135348226018397,3.0,0,0,0.0,,,
790.0,709.0,GEMAROMA,Gem Aromatics Limited,0.05555201020023316,13.022884999999999,0.2504845600302252,57.01,999.0,0.0,0,0,0.0,,,
791.0,721.0,LGEINDIA,LG Electronics India Limited,0.05530654363905411,13.022884999999999,0.24937774889310438,85.0,999.0,0.0,1,0,0.0,,,
792.0,87.0,AARTIPHARM,Aarti Pharmalabs Limited,0.12005575499663987,2.7621574,0.11488749265592207,43.1,9.00131406044678,15.0,0,0,0.0,,,
793.0,231.0,ATULAUTO,Atul Auto Limited,0.08592937056219078,5.3274087,0.1585388159684471,42.7,33.50854139290407,8.0,0,0,0.0,,,
794.0,1860.0,ITC,ITC Limited,0.018605345233097245,113.566822352,0.7314749166463366,0.0,999.0,0.0,0,0,0.0,,,
795.0,725.0,CLEANMAX,Clean Max Enviro Energy Solutions Limited,0.05479734440216311,13.022884999999999,0.2470817645288908,49.48,999.0,0.0,1,1,0.0,lockin_expiry_aif_vcf_6m; lockin_expiry_non_promoter_6m; lockin_expiry_promoter_excess_6m,high,26.0
796.0,758.0,ZEEMEDIA,Zee Media Corporation Limited,0.05357510727208805,13.5633156,0.2515938520179424,9.48,10.545335085413928,4.0,0,0,0.0,,,
797.0,1513.0,PERSISTENT,Persistent Systems Limited,0.028856954174160503,46.6523338,0.4660644080099371,30.29,59.13272010512483,2.0,0,0,0.0,,,
798.0,503.0,DANGEE,Dangee Dums Limited,0.06470064755584454,9.2475,0.20717451763928174,55.68,17.969776609724047,4.0,0,0,0.0,,,
799.0,222.0,AJOONI,Ajooni Biotech Limited,0.08722527445887393,5.0871131,0.15367386474058936,26.89,6.011826544021025,5.0,0,0,0.0,,,
800.0,45.0,DEVIT,Dev Information Technology Limited,0.14239816153020748,1.90333,0.09393184785415545,41.58,3.0223390275952693,22.0,0,0,0.0,,,
801.0,83.0,SBC,SBC Exports Limited,0.12207665639323606,2.5606019265,0.10830356210378615,50.35,9.00131406044678,8.0,0,0,0.0,,,
802.0,573.0,PSB,Punjab & Sind Bank,0.061000258617272964,10.177391025,0.2149622715831828,93.85,15.013140604467806,1.0,0,0,0.0,,,
803.0,391.0,PATELENG,Patel Engineering Limited,0.07143199992650263,7.41,0.1832903187530101,31.48,6.274638633377135,5.0,0,0,0.0,,,
804.0,2049.0,AUROPHARMA,Aurobindo Pharma Limited,0.0071667276216950074,735.5371143,1.8248565853037217,51.82,116.75427069645202,1.0,0,0,0.0,,,
805.0,2031.0,PGHL,Procter & Gamble Health Limited,0.009021130020657332,463.6836,1.4480603895426962,51.82,90.90013140604468,3.0,0,0,0.0,,,
806.0,1037.0,BALAJEE,Shree Tirupati Balajee Agro Trading Company Limited,0.04513445862540567,18.516034949999998,0.28934024584786655,65.42,999.0,0.0,0,0,0.0,,,
807.0,309.0,METROPOLIS,Metropolis Healthcare Limited,0.07790485407679748,6.1854944,0.16687546564957229,48.87,15.013140604467806,5.0,0,0,0.0,,,
808.0,1189.0,ANTELOPUS,Antelopus Selan Energy Limited,0.03960415809517603,23.88,0.3274284027995625,69.94,41.98423127463863,4.0,0,0,0.0,,,
809.0,761.0,DREAMFOLKS,Dreamfolks Services Limited,0.05346723319588247,13.022884999999999,0.24108428002570934,65.72,36.038107752956634,1.0,0,0,0.0,,,
810.0,1210.0,WELCORP,Welspun Corp Limited,0.03893005594895585,24.3675,0.3284251891460412,49.73,27.825229960578184,1.0,0,0,0.0,,,
811.0,1049.0,ANURAS,Anupam Rasayan India Limited,0.044639625345116354,18.516034949999998,0.28616805352889135,59.07,41.98423127463863,1.0,0,0,0.0,,,
812.0,163.0,RISHABH,Rishabh Instruments Limited,0.09777170939834649,3.8495,0.13036561093174592,69.55,10.545335085413928,1.0,0,0,0.0,,,
813.0,687.0,STEELXIND,STEEL EXCHANGE INDIA LIMITED,0.05667189355137035,11.40375,0.22376883992543337,49.67,24.014454664914584,4.0,0,0,0.0,,,
814.0,658.0,NDL,Nandan Denim Limited,0.057468586830417265,11.07625,0.2203991407955558,51.01,20.992115637319316,10.0,0,0,0.0,,,
815.0,367.0,SHRIPISTON,SPR Auto Technologies Limited,0.07359801995035299,6.745974,0.17193003662579012,43.75,20.992115637319316,13.0,0,0,0.0,,,
816.0,289.0,DSSL,Dynacons Systems & Solutions Limited,0.08081661755417359,5.584,0.15628451819844463,60.89,16.78712220762155,3.0,0,0,0.0,,,
817.0,1132.0,CHEMPLASTS,Chemplast Sanmar Limited,0.04159480375848905,21.024027375,0.30276214170370164,54.99,999.0,0.0,0,0,0.0,,,
818.0,1995.0,BASF,BASF India Limited,0.013050576378668891,213.37322463499999,0.9639976647282221,73.33,75.2628120893561,1.0,0,0,0.0,,,
819.0,1356.0,LTF,L&T Finance Limited,0.032853156955850026,33.597983475,0.38213798098169904,65.99,999.0,0.0,0,0,0.0,,,
820.0,2051.0,CANFINHOME,Can Fin Homes Limited,0.006928297812673155,753.7687145,1.8078728100794876,29.99,111.69513797634691,1.0,0,0,0.0,,,
821.0,1115.0,GOPAL,Gopal Snacks Limited,0.042156625515137755,20.3466881,0.2969666145694329,81.46,999.0,0.0,0,0,0.0,,,
822.0,1140.0,GSLSU,Global Surfaces Limited,0.04143394362418691,21.024027375,0.30159126567171357,73.25,999.0,0.0,0,0,0.0,,,
823.0,1062.0,AURIONPRO,Aurionpro Solutions Limited,0.044139368197255044,18.516034949999998,0.2829610908099928,26.88,27.102496714848883,2.0,0,0,0.0,,,
824.0,125.0,PLATIND,Platinum Industries Limited,0.1105616775950745,2.9396265,0.11259461958138035,70.03,5.978975032851511,3.0,0,0,0.0,,,
825.0,786.0,CELLO,Cello World Limited,0.05242218478365014,13.022884999999999,0.2363721464628594,75.0,999.0,0.0,0,0,0.0,,,
826.0,747.0,ONWARDTEC,Onward Technologies Limited,0.053752273787912495,12.382,0.23044396704089268,40.02,29.993429697766096,5.0,0,0,0.0,,,
827.0,198.0,ORIENTELEC,Orient Electric Limited,0.08996402454223154,4.3918075000000005,0.13684458543963976,38.31,12.12220762155059,4.0,0,0,0.0,,,
828.0,1365.0,NELCO,NELCO Limited,0.03249833431905901,33.597983475,0.378010791433001,50.09,999.0,0.0,0,0,0.0,,,
829.0,121.0,GANECOS,Ganesha Ecosphere Limited,0.1113871493458621,2.8524,0.1100718154797704,39.33,20.992115637319316,4.0,0,0,0.0,,,
830.0,233.0,RGL,Renaissance Global Limited,0.08580567734296277,4.7994,0.1426265222546012,61.7,7.35873850197109,10.0,0,0,0.0,,,
831.0,568.0,TRACXN,Tracxn Technologies Limited,0.06116093085790972,9.440923888,0.19993548245005272,34.54,29.86202365308804,6.0,0,0,0.0,,,
832.0,410.0,MAYURUNIQ,Mayur Uniquoters Ltd,0.06989288572828269,7.1662503,0.1734433915245665,58.77,21.64914586070959,5.0,0,0,0.0,,,
833.0,1154.0,PVP,PVP Ventures Limited,0.04075900708337457,21.024027375,0.2966785070060659,61.3,36.038107752956634,1.0,0,0,0.0,,,
834.0,1141.0,FLAIR,Flair Writing Industries Limited,0.04141629099183716,20.3466881,0.29175142871556264,78.59,999.0,0.0,0,0,0.0,,,
835.0,1522.0,BBTC,The Bombay Burmah Trading Corporation Limited,0.028721411056591685,42.17445,0.41935266623272416,74.05,41.78712220762155,5.0,0,0,0.0,,,
836.0,800.0,SRTL,Shree Ram Twistex Limited,0.05168360210637115,13.022884999999999,0.2330418699112577,34.59,999.0,0.0,1,1,0.0,lockin_expiry_aif_vcf_6m; lockin_expiry_non_promoter_6m; lockin_expiry_promoter_excess_6m,high,26.0
837.0,145.0,KELLTONTEC,Kellton Tech Solutions Limited,0.10238040323121982,3.3075,0.11730110308027086,37.67,9.231274638633376,9.0,0,0,0.0,,,
838.0,1377.0,AXISBANK,Axis Bank Limited,0.0321041794843383,33.597983475,0.3734261016591457,8.14,41.98423127463863,2.0,0,0,0.0,,,
839.0,453.0,KIRLOSIND,Kirloskar Industries Limited,0.06758634913489324,7.559196,0.17691334969092526,71.87,5.978975032851511,2.0,0,0,0.0,,,
840.0,571.0,KHAICHEM,Khaitan Chemicals & Fertilizers Limited,0.06110425054895314,9.241,0.19552119026127854,72.65,20.992115637319316,3.0,0,0,0.0,,,
841.0,1085.0,FCL,Fineotex Chemical Limited,0.043532953515173244,18.1531506,0.2736048381131867,62.3,66.06438896189225,2.0,0,0,0.0,,,
842.0,646.0,SUMIT,Sumit Woods Limited,0.058138128776404285,10.177391025,0.2048762498825317,60.78,18.626806833114323,1.0,0,0,0.0,,,
843.0,755.0,SADBHAV,Sadbhav Engineering Limited,0.053668872433617835,11.9345036,0.22177233706373786,25.52,6.011826544021025,6.0,0,0,0.0,,,
844.0,1066.0,SPECIALITY,Speciality Restaurants Limited,0.044073475732691894,17.68407,0.269845093420588,50.71,29.993429697766096,5.0,0,0,0.0,,,
845.0,1147.0,GLOSTERLTD,Gloster Limited,0.04108087485972409,20.3466881,0.28938863539402826,72.65,999.0,0.0,0,0,0.0,,,
846.0,1095.0,AIRAN,Airan Limited,0.04303863018491358,18.516034949999998,0.2759046683601687,72.21,45.006570302233904,2.0,0,0,0.0,,,
847.0,1335.0,SHALBY,Shalby Limited,0.03399955830158761,29.65650025,0.3490814467012384,74.33,58.60709592641261,2.0,0,0,0.0,,,
848.0,1149.0,DOLATALGO,Dolat Algotech Limited,0.040989618828815605,20.3466881,0.2887457946963494,74.49,999.0,0.0,0,0,0.0,,,
849.0,298.0,MARINE,Marine Electricals (India) Limited,0.0795020745582204,5.38125,0.14816234189358377,68.2,6.241787122207621,4.0,0,0,0.0,,,
850.0,227.0,ZOTA,Zota Health Care LImited,0.08667271031996268,4.51648375,0.1355789870648401,49.38,3.0223390275952693,6.0,0,0,0.0,,,
851.0,1243.0,ASTEC,Astec LifeSciences Limited,0.037796962183300885,23.71146635,0.31028217642246175,71.97,66.49145860709592,1.0,0,0,0.0,,,
852.0,548.0,EVEREADY,Eveready Industries India Limited,0.06254497428715321,8.6015309,0.1862855442473406,43.2,3.219448094612352,3.0,0,0,0.0,,,
853.0,976.0,HLVLTD,HLV LIMITED,0.046835333252442636,15.308,0.24823058873648693,39.07,15.013140604467806,12.0,0,0,0.0,,,
854.0,1160.0,GODREJCP,Godrej Consumer Products Limited,0.040614529939812856,20.3466881,0.28610353203493794,53.05,17.969776609724047,1.0,0,0,0.0,,,
855.0,827.0,RELIABLE,Reliable Data Services Limited,0.050745640401405515,13.022884999999999,0.22881259136406065,71.77,999.0,0.0,0,0,0.0,,,
856.0,830.0,MUTHOOTMF,Muthoot Microfin Limited,0.05063265587896242,13.022884999999999,0.228303143041806,55.47,999.0,0.0,0,0,0.0,,,
857.0,667.0,SRHHYPOLTD,Sree Rayalaseema Hi-Strength Hypo Limited,0.057232053675337125,10.177391025,0.20168328043673978,61.84,5.978975032851511,1.0,0,0,0.0,,,
858.0,1181.0,INDOFARM,Indo Farm Equipment Limited,0.039773420816612316,21.024027375,0.2895045770437735,70.46,999.0,0.0,0,1,0.0,,,
859.0,1106.0,ADVANIHOTR,Advani Hotels & Resorts (India) Limited,0.04235552194295993,18.52589915,0.2716701503701525,50.25,24.080157687253614,2.0,0,0,0.0,,,
860.0,1111.0,ASAHIINDIA,Asahi India Glass Limited,0.04217996294350243,18.64,0.2722101919403106,51.57,9.00131406044678,2.0,0,0,0.0,,,
861.0,1183.0,BCG,Brightcom Group Limited,0.03968072675220691,21.024027375,0.2888298712890463,18.38,63.00919842312746,13.0,0,0,0.0,,,
862.0,843.0,BORANA,Borana Weaves Limited,0.05024993903545043,13.022884999999999,0.22657746903257175,65.24,999.0,0.0,0,0,0.0,,,
863.0,97.0,SILGO,Silgo Retail Limited,0.11750292363600824,2.369014625,0.09645262536403199,40.44,9.625492772667542,9.0,0,0,0.0,,,
864.0,480.0,RELIANCE,Reliance Industries Limited,0.06580918453113949,7.529,0.17157354150438975,50.0,9.69119579500657,4.0,0,0,0.0,trading_plan_disclosed,very_high,-342.0
865.0,323.0,BANCOINDIA,Banco Products (I) Limited,0.0767132427035531,5.5351758,0.1470527394352132,67.88,3.2851511169513796,7.0,0,0,0.0,,,
866.0,484.0,KINGFA,Kingfa Science & Technology (India) Limited,0.06538160700199461,7.559196,0.1711422387945913,67.02,9.198423127463863,1.0,0,0,0.0,,,
867.0,1201.0,GMRP&UI,GMR Power and Urban Infra Limited,0.03917894898702542,21.024027375,0.2851775085629777,46.28,999.0,0.0,0,0,0.0,,,
868.0,144.0,TINNARUBR,Tinna Rubber and Infrastructure Limited,0.10306870337122591,3.0311156,0.10822822973607107,67.58,12.12220762155059,1.0,0,0,0.0,,,
869.0,1129.0,DHAMPURSUG,Dhampur Sugar Mills Limited,0.041799487279958476,18.428006404999998,0.2666871976212131,49.87,24.375821287779235,4.0,0,0,0.0,,,
870.0,291.0,MAXESTATES,Max Estates Limited,0.08071679870522057,4.9412458,0.138131301021398,45.27,21.846254927726676,2.0,0,0,0.0,,,
871.0,1131.0,BHARTIHEXA,Bharti Hexacom Limited,0.04164348818682835,18.516034949999998,0.2669609313350071,70.0,999.0,0.0,0,0,0.0,,,
872.0,772.0,ARVSMART,Arvind SmartSpaces Limited,0.05300349983013396,11.425,0.20967410681703474,53.83,45.630749014454665,3.0,0,0,0.0,,,
873.0,1184.0,HEXT,Hexaware Technologies Limited,0.039665811955890196,20.3466881,0.2794204172356881,74.3,999.0,0.0,0,1,0.0,lockin_expiry_mpc,high,12.0
874.0,305.0,GREENPOWER,Orient Green Power Company Limited,0.0788354511484461,5.1503488,0.14061841955462392,24.38,17.969776609724047,11.0,0,0,0.0,,,
875.0,1133.0,AMNPLST,Amines & Plasticizers Limited,0.04157669946761592,18.516034949999998,0.26653277366954853,73.17,999.0,0.0,0,0,0.0,,,
876.0,1135.0,BOROSCI,Borosil Scientific Limited,0.04155569348713816,18.516034949999998,0.2663981121328687,68.08,999.0,0.0,0,0,0.0,,,
877.0,1430.0,ZYDUSWELL,Zydus Wellness Limited,0.030842073386101163,33.597983475,0.3587456654133027,69.63,999.0,0.0,0,0,0.0,,,
878.0,871.0,HDFCAMC,HDFC Asset Management Company Limited,0.04952080020236017,13.022884999999999,0.2232897748672434,52.37,36.038107752956634,2.0,0,0,0.0,,,
879.0,1432.0,MASTEK,Mastek Limited,0.030816565128938007,33.597983475,0.35844896108428526,35.76,39.02759526938239,1.0,0,0,0.0,,,
880.0,1190.0,IGIL,International Gemological Institute Limited,0.03959200148270094,20.3466881,0.2789004693965303,76.55,999.0,0.0,1,0,0.0,,,
881.0,496.0,NACLIND,NACL Industries Limited,0.06492454849972697,7.559196,0.1699458470427673,53.7,9.00131406044678,2.0,0,0,0.0,,,
882.0,872.0,SHAH,Shah Metacorp Limited,0.049422745216297026,13.022884999999999,0.22284764397127285,29.15,45.006570302233904,2.0,0,0,0.0,,,
883.0,493.0,RUSHIL,Rushil Decor Limited,0.06504561495158775,7.48665,0.1686291954720956,55.1,12.220762155059132,6.0,0,0,0.0,,,
884.0,1191.0,COSMOFIRST,COSMO FIRST LIMITED,0.039584037107922423,20.2074324,0.2769361164596462,40.78,17.969776609724047,6.0,0,0,0.0,,,
885.0,705.0,PIRAMALFIN,Piramal Finance Limited,0.05572750282040617,10.177391025,0.19638130833334944,46.16,999.0,0.0,0,0,0.0,,,
886.0,1144.0,AJAXENGG,Ajax Engineering Limited,0.041296757039280166,18.516034949999998,0.2647381667659815,80.0,999.0,0.0,0,1,0.0,lockin_expiry_mpc,high,10.0
887.0,876.0,MOL,Meghmani Organics Limited,0.0492402375582162,13.022884999999999,0.2220247151470639,48.95,53.975032851511166,1.0,0,0,0.0,,,
888.0,878.0,MANCREDIT,Mangal Credit and Fincorp Limited,0.04911311263586678,13.022884999999999,0.22145150762264135,55.25,999.0,0.0,0,0,0.0,,,
889.0,1199.0,ESAFSFB,ESAF Small Finance Bank Limited,0.03928234501829024,20.3466881,0.27671913655046165,63.28,999.0,0.0,0,0,0.0,,,
890.0,712.0,SINGERIND,Singer India Limited,0.055509632971060596,10.177391025,0.19561354441256584,30.49,999.0,0.0,0,0,0.0,,,
891.0,913.0,RELIGARE,Religare Enterprises Limited,0.04846787810226336,13.2902202,0.22302765183957055,30.56,27.16819973718791,1.0,0,0,0.0,,,
892.0,530.0,RADIANTCMS,Radiant Cash Management Services Limited,0.06348892823488705,7.743085,0.1702296040911184,56.92,15.111695137976346,3.0,0,0,0.0,,,
893.0,201.0,ANMOL,Anmol India Limited,0.08956345320172436,3.88032,0.1203765660756287,50.2,0.49277266754270693,2.0,0,0,0.0,,,
894.0,269.0,INTENTECH,Intense Technologies Limited,0.08263826132698439,4.55,0.13022686764344024,4.68,3.0223390275952693,11.0,0,0,0.0,,,
895.0,887.0,ARKADE,Arkade Developers Limited,0.04879959273123222,13.022884999999999,0.22003784329096293,71.19,999.0,0.0,0,0,0.0,,,
896.0,147.0,CURAA,Cura Technologies Limited,0.10111636787245892,3.0311156,0.10617816208244588,74.95,12.319316688567673,1.0,0,0,0.0,,,
897.0,1457.0,IOLCP,IOL Chemicals and Pharmaceuticals Limited,0.030342533511398723,33.597983475,0.35293516874185116,57.48,999.0,0.0,0,0,0.0,,,
898.0,904.0,RPEL,Raghav Productivity Enhancers Limited,0.04873299745607954,13.022884999999999,0.21973756454071455,62.91,999.0,0.0,0,0,0.0,,,
899.0,1459.0,WEBELSOLAR,Websol Energy System Limited,0.03033707652178073,33.597983475,0.352871694689794,29.72,999.0,0.0,0,0,0.0,,,
900.0,1578.0,GKWLIMITED,GKW Limited,0.027451778278481918,40.8628,0.38835019418037303,75.0,56.96452036793692,2.0,0,0,0.0,,,
901.0,1672.0,MPSLTD,MPS Limited,0.024265972945428527,52.28937,0.439269475716284,68.34,52.69382391590013,1.0,0,0,0.0,,,
902.0,1603.0,EIHOTEL,EIH Limited,0.0268615066540063,42.576,0.39593074249367444,32.85,39.02759526938239,7.0,0,0,0.0,,,
903.0,915.0,GLOBECIVIL,Globe Civil Projects Limited,0.048320170094193475,13.022884999999999,0.2178761219081663,63.41,999.0,0.0,0,0,0.0,,,
904.0,650.0,SOLARA,Solara Active Pharma Sciences Limited,0.057798622736790525,9.096719,0.18205697352959166,42.0,29.993429697766096,11.0,0,0,0.0,,,
905.0,1164.0,ANUHPHR,Anuh Pharma Limited,0.040374969351674665,18.516034949999998,0.2588289283642344,71.8,999.0,0.0,0,0,0.0,,,
906.0,920.0,MARATHON,Marathon Nextgen Realty Limited,0.04812652678350104,13.022884999999999,0.2170029823168759,56.37,33.01576872536137,1.0,0,0,0.0,,,
907.0,423.0,CIEINDIA,CIE Automotive India Limited,0.06922862414588436,6.28376085,0.15064562816292476,65.7,4.139290407358739,8.0,0,0,0.0,,,
908.0,263.0,MCL,M TEK COPPER LIMITED,0.08301888634666377,4.36,0.1253661810266721,65.21,5.978975032851511,1.0,0,0,0.0,,,
909.0,265.0,DJML,DJ Mediaprint & Logistics Limited,0.08300329887347442,4.36,0.1253426425034324,56.17,5.978975032851511,1.0,0,0,0.0,,,
910.0,532.0,ORIENTCER,ORIENT CERATECH LIMITED,0.06328094054641917,7.495223750000001,0.16424214111161672,63.9,3.416557161629435,2.0,0,0,0.0,,,
911.0,1221.0,DIAMINESQ,Diamines & Chemicals Limited,0.03837758849143243,20.3466881,0.2703457022561516,57.4,999.0,0.0,0,0,0.0,,,
912.0,1222.0,FRACTAL,Fractal Analytics Limited,0.038371349869149134,20.3466881,0.2703017551300141,16.97,999.0,0.0,1,1,0.0,lockin_expiry_aif_vcf_6m; lockin_expiry_non_promoter_6m; lockin_expiry_promoter_excess_6m,high,9.0
913.0,741.0,STYL,Seshaasai Technologies Limited,0.054034959559121444,10.177391025,0.1904168591253333,81.8,999.0,0.0,0,0,0.0,,,
914.0,1224.0,ENTERO,Entero Healthcare Solutions Limited,0.038179382183113224,20.3466881,0.26894946487593907,52.42,999.0,0.0,0,0,0.0,,,
915.0,1249.0,GOKULAGRO,Gokul Agro Resources Limited,0.03753828947631201,21.024027375,0.2732354017999722,74.24,999.0,0.0,0,0,0.0,,,
916.0,750.0,SGMART,SG Mart Limited,0.05371188880586312,10.177391025,0.18927837177172666,36.27,999.0,0.0,0,0,0.0,,,
917.0,1253.0,SILVERTUC,Silver Touch Technologies Limited,0.03736856848958891,21.024027375,0.27200002899401526,74.62,999.0,0.0,0,0,0.0,,,
918.0,76.0,INDOBORAX,Indo Borax & Chemicals Limited,0.1252909702542001,1.86359385,0.08092373610964379,30.8,3.0223390275952693,11.0,0,0,0.0,,,
919.0,1242.0,INNOVACAP,Innova Captab Limited,0.03783054436758284,20.3466881,0.26649212433110214,50.9,999.0,0.0,0,0,0.0,,,
920.0,971.0,TVSSCS,TVS Supply Chain Solutions Limited,0.04705595912865834,13.022884999999999,0.21217578223825953,43.03,999.0,0.0,0,0,0.0,,,
921.0,1194.0,BHAGCHEM,Bhagiradha Chemicals & Industries Limited,0.03944964354496879,18.516034949999998,0.2528970083954204,19.6,41.98423127463863,1.0,0,0,0.0,,,
922.0,1257.0,MEDPLUS,Medplus Health Services Limited,0.036991288058279996,21.024027375,0.2692538631010539,40.22,999.0,0.0,0,0,0.0,,,
923.0,1251.0,EQUITASBNK,Equitas Small Finance Bank Limited,0.037475811042139526,20.3466881,0.26399325366855275,0.0,39.94743758212878,1.0,0,0,0.0,,,
924.0,773.0,SAATVIKGL,Saatvik Green Energy Limited,0.05297129263380585,10.177391025,0.18666854291067064,75.99,999.0,0.0,0,0,0.0,,,
925.0,977.0,INTERARCH,Interarch Building Solutions Limited,0.046805836374018285,13.022884999999999,0.21104797627905592,59.43,999.0,0.0,0,0,0.0,,,
926.0,1414.0,NDLVENTURE,NDL Ventures Limited,0.031251824407977705,29.0488192,0.3142954644127186,66.2,48.52168199737188,5.0,0,0,0.0,,,
927.0,729.0,SALSTEEL,S.A.L. Steel Limited,0.054521437207170294,9.54375,0.18017169814394693,70.98,4.50065703022339,2.0,0,0,0.0,,,
928.0,461.0,CERA,Cera Sanitaryware Limited,0.06708366179208572,6.2676,0.1456027579699807,54.41,21.846254927726676,7.0,0,0,0.0,,,
929.0,1001.0,UTKARSHBNK,Utkarsh Small Finance Bank Limited,0.046504027576001986,13.022884999999999,0.2096871174422312,42.67,999.0,0.0,0,0,0.0,,,
930.0,784.0,SAHLIBHFI,Shalibhadra Finance Limited,0.052570781869214274,10.177391025,0.18525716030833944,57.78,999.0,0.0,0,0,0.0,,,
931.0,133.0,SHRADHA,Shradha Realty Limited,0.1078958036186892,2.4143,0.09025806300627082,74.97,0.8869908015768725,7.0,0,0,0.0,,,
932.0,798.0,BERGEPAINT,Berger Paints (I) Limited,0.05171804779927815,10.4,0.18623769862713271,74.98,6.044678055190539,4.0,0,0,0.0,,,
933.0,789.0,TARAPUR,Tarapur Transformers Limited,0.051999897699741934,10.177391025,0.18324538920011163,21.95,12.02365308804205,2.0,0,0,0.0,,,
934.0,1276.0,20MICRONS,20 Microns Limited,0.036174265861916084,21.024027375,0.26330688492976934,45.04,999.0,0.0,0,0,0.0,,,
935.0,1279.0,SPLPETRO,Supreme Petrochem Limited,0.03607955378977813,21.024027375,0.26261749040894944,64.24,999.0,0.0,0,0,0.0,,,
936.0,216.0,IONEXCHANG,ION Exchange (India) Limited,0.08764222862263613,3.5428661999999997,0.10755602597001608,25.52,3.252299605781866,12.0,0,0,0.0,,,
937.0,306.0,SAKAR,Sakar Healthcare Limited,0.07854303709214586,4.36,0.11860723553146386,52.86,12.02365308804205,3.0,0,0,0.0,,,
938.0,1272.0,EPIGRAL,Epigral Limited,0.03629239948329299,20.3466881,0.2556568719022561,68.83,53.975032851511166,1.0,0,0,0.0,,,
939.0,1031.0,JUNIPER,Juniper Hotels Limited,0.04533554336175095,13.022884999999999,0.20441841063479138,77.53,999.0,0.0,0,0,0.0,,,
940.0,374.0,ADFFOODS,ADF Foods Limited,0.07275187813150315,5.04765,0.1271806848191471,36.13,22.109067017082786,7.0,0,0,0.0,,,
941.0,1035.0,THOMASCOOK,Thomas Cook  (India)  Limited,0.045151762698447964,13.022884999999999,0.20358974181752296,63.83,29.993429697766096,1.0,0,0,0.0,,,
942.0,1742.0,TATACHEM,Tata Chemicals Limited,0.02232355854901363,53.266911,0.4116617503471984,37.98,76.37976346911958,1.0,0,0,0.0,,,
943.0,824.0,SHILCTECH,Shilchar Technologies Limited,0.05082553649619533,10.177391025,0.179106991139254,62.12,999.0,0.0,0,0,0.0,,,
944.0,1043.0,JKTYRE,JK Tyre & Industries Limited,0.0448775626735258,13.000325,0.2020028854875336,51.72,21.45203679369251,3.0,0,0,0.0,,,
945.0,1054.0,SUNDROP,Sundrop Brands Limited,0.0444757465662349,13.1122362,0.20191728436464748,38.91,15.177398160315374,1.0,0,0,0.0,,,
946.0,168.0,QMSMEDI,QMS Medical Allied Services Limited,0.09719823845777179,2.742318,0.09234640810574735,68.11,9.231274638633376,2.0,0,1,0.0,lockin_expiry_anchor_90d,high,40.0
947.0,1563.0,EKC,Everest Kanto Cylinder Limited,0.02775679374298648,33.597983475,0.32285862615043387,67.39,999.0,0.0,0,0,0.0,,,
948.0,1077.0,COFORGE,Coforge Limited,0.04375224558555863,13.49368,0.20441003820747103,0.0,17.017082785808146,5.0,0,0,0.0,,,
949.0,1897.0,RHIM,RHI MAGNESITA INDIA LIMITED,0.01751201513505764,84.22776,0.5106278313742906,56.07,94.11957950065703,1.0,0,0,0.0,,,
950.0,1569.0,LTFOODS,LT Foods Limited,0.02767231740876455,33.597983475,0.32187602299166634,51.01,999.0,0.0,0,0,0.0,,,
951.0,1255.0,AMAGI,Amagi Media Labs Limited,0.03727264931342923,18.516034949999998,0.23894110717611378,14.92,999.0,0.0,1,1,0.0,,,
952.0,1570.0,VENKEYS,Venky's (India) Limited,0.027657888666729295,33.597983475,0.32170819223017005,56.11,999.0,0.0,0,0,0.0,promoter_stake_declining,medium,0.0
953.0,1196.0,MUTHOOTFIN,Muthoot Finance Limited,0.03935421387067164,16.5939177,0.22609900737724034,73.35,39.15900131406045,4.0,0,0,0.0,,,
954.0,1316.0,SKIPPER,Skipper Limited,0.03490688832950517,21.024027375,0.2540818399388654,66.5,999.0,0.0,0,0,0.0,promoter_stake_declining,medium,0.0
955.0,1571.0,NETWORK18,Network18 Media & Investments Limited,0.027605669212434975,33.597983475,0.3211007913384136,56.89,999.0,0.0,0,0,0.0,,,
956.0,358.0,SILLYMONKS,Silly Monks Entertainment Limited,0.07406473242386945,4.6556565,0.11942513469277644,50.04,3.055190538764783,2.0,0,0,0.0,,,
957.0,327.0,LALPATHLAB,Dr. Lal Path Labs Ltd.,0.07647246369168131,4.36,0.11548047858283754,53.21,9.00131406044678,2.0,0,0,0.0,,,
958.0,516.0,GODREJAGRO,Godrej Agrovet Limited,0.06403518050447125,6.2022633,0.13753777092972655,67.74,15.374507227332456,7.0,0,0,0.0,,,
959.0,331.0,AFSL,Abans Financial Services Limited,0.07632128380364235,4.36,0.11525218299799504,71.36,17.969776609724047,1.0,0,0,0.0,,,
960.0,1581.0,ITI,ITI Limited,0.027436726566740774,33.597983475,0.3191357016024699,90.02,999.0,0.0,0,0,0.0,,,
961.0,1324.0,SUBROS,Subros Limited,0.03466863190374252,21.024027375,0.25234760827479974,36.79,999.0,0.0,0,0,0.0,,,
962.0,1068.0,EXXARO,Exxaro Tiles Limited,0.043964825637318315,13.022884999999999,0.19823783094212893,42.07,999.0,0.0,0,0,0.0,,,
963.0,1070.0,IKIO,IKIO Technologies Limited,0.043891968430258395,13.022884999999999,0.1979093170793604,72.55,999.0,0.0,0,0,0.0,,,
964.0,418.0,OBCL,OBCL Limited,0.06955722310093733,5.17803,0.12473543273903384,71.94,12.02365308804205,2.0,0,0,0.0,,,
965.0,874.0,STEELCAS,Steelcast Limited,0.04938138124258408,10.20478205,0.1744860958907533,45.0,36.038107752956634,3.0,0,0,0.0,,,
966.0,875.0,SKFINDUS,SKF India (Industrial) Limited,0.04929152433450526,10.177391025,0.17370119866578154,52.58,999.0,0.0,0,0,0.0,,,
967.0,255.0,LFIC,Lakshmi Finance & Industrial Corporation Limited,0.08371328364643249,3.51679,0.10197867346955711,47.0,4.369250985545335,2.0,0,0,0.0,,,
968.0,828.0,JAICORPLTD,Jai Corp Limited,0.05072769621192257,9.57324,0.1681527620942092,73.92,21.090670170827856,9.0,0,0,0.0,,,
969.0,1286.0,VAIBHAVGBL,Vaibhav Global Limited,0.035763796705106876,19.25875,0.23846375417048912,57.43,39.02759526938239,6.0,0,0,0.0,,,
970.0,1977.0,BANKBARODA,Bank of Baroda,0.0148294658987062,112.0119209,0.5750427074661353,63.97,80.68331143232588,4.0,0,0,0.0,,,
971.0,674.0,MONEYBOXX,Moneyboxx Finance Limited,0.05706450243209114,7.559196,0.14937146928232495,46.79,999.0,0.0,0,0,0.0,,,
972.0,1625.0,DCAL,Dishman Carbogen Amcis Limited,0.02588109292847294,36.6048014,0.3279806773899101,59.32,65.57161629434954,2.0,0,0,0.0,,,
973.0,1597.0,DALMIASUG,Dalmia Bharat Sugar and Industries Limited,0.026997369328455936,33.597983475,0.3140252311477282,74.91,999.0,0.0,0,0,0.0,,,
974.0,1598.0,NITINSPIN,Nitin Spinners Limited,0.026994446175503607,33.597983475,0.3139912299170762,56.71,999.0,0.0,0,0,0.0,,,
975.0,685.0,NIBL,NRB Industrial Bearings Limited,0.05684355054117923,7.559196,0.14879310782853858,74.79,20.992115637319316,1.0,0,0,0.0,,,
976.0,882.0,SMARTWORKS,Smartworks Coworking Spaces Limited,0.04889473991178794,10.177391025,0.17230294753095793,58.32,999.0,0.0,0,0,0.0,,,
977.0,719.0,AARTIDRUGS,Aarti Drugs Limited,0.05533595881804654,7.9340927,0.15202844785145375,55.03,9.00131406044678,7.0,0,0,0.0,promoter_stake_declining,medium,0.0
978.0,886.0,PRESTIGE,Prestige Estates Projects Limited,0.048837964487334934,10.177391025,0.17210287339214006,60.94,21.81340341655716,1.0,0,0,0.0,,,
979.0,1094.0,SAIPARENT,Sai Parenterals Limited,0.04307602377462145,13.022884999999999,0.1942302146069286,51.16,999.0,0.0,1,1,0.0,lockin_expiry_aif_vcf_6m; lockin_expiry_non_promoter_6m; lockin_expiry_promoter_excess_6m,high,56.0
980.0,1761.0,DELTACORP,Delta Corp Limited,0.021699417951849945,51.027648407,0.383331042343204,34.47,100.19710906701708,5.0,0,0,0.0,,,
981.0,585.0,MANINFRA,Man Infraconstruction Limited,0.06055046390587789,6.5394,0.1371199764068994,62.46,9.888304862023652,5.0,0,0,0.0,,,
982.0,537.0,PTCIL,PTC Industries Limited,0.06303772020095287,6.026,0.1315488909183037,59.72,21.879106438896187,6.0,0,0,0.0,,,
983.0,1343.0,FSL,Firstsource Solutions Limited,0.033675514403176156,21.024027375,0.24511885962675417,53.66,999.0,0.0,0,0,0.0,,,
984.0,1534.0,JINDALPOLY,Jindal Poly Films Limited,0.02830571105946351,29.7398713,0.2914383225670777,74.55,68.36399474375821,2.0,0,0,0.0,,,
985.0,154.0,KPIGREEN,KPI Green Energy Limited,0.09897744516475926,2.43174145,0.0833952037840422,49.49,7.555847568988173,2.0,0,0,0.0,,,
986.0,210.0,UEL,Ujaas Energy Limited,0.0884004410203917,3.0311156,0.09282568739674209,74.96,12.943495400788436,2.0,0,0,0.0,,,
987.0,641.0,JWL,Jupiter Wagons Limited,0.05828289497554251,6.8942445,0.13914441217176468,68.31,30.880420499342968,2.0,0,0,0.0,,,
988.0,797.0,SYMPHONY,Symphony Limited,0.051749210335772684,8.735625,0.15653340029656737,73.43,21.681997371879106,4.0,0,0,0.0,,,
989.0,122.0,ARIHANTCAP,Arihant Capital Markets Limited,0.11119423943712438,1.8893468,0.07281016313926367,67.67,7.424441524310118,12.0,0,0,0.0,,,
990.0,928.0,PRABHA,Prabha Energy Limited,0.04790421700477566,10.177391025,0.16881238767149126,74.94,999.0,0.0,0,0,0.0,,,
991.0,1611.0,LT,Larsen & Toubro Limited,0.026322942411343597,33.597983475,0.30618050131639524,0.0,999.0,0.0,0,0,0.0,,,
992.0,535.0,GATEWAY,Gateway Distriparks Limited,0.06308321070456045,5.8361787,0.12749847654229957,33.92,27.33245729303548,1.0,0,0,0.0,,,
993.0,1038.0,NYKAA,FSN E-Commerce Ventures Limited,0.04511550770301785,11.4,0.17807990944759822,52.09,33.18002628120893,1.0,0,0,0.0,,,
994.0,241.0,INOXINDIA,INOX India Limited,0.08513185996026476,3.1847299,0.09392064305258627,75.0,16.130091984231274,1.0,0,0,1.0,trading_plan_disclosed,very_high,-49.0
995.0,889.0,ORIENTBELL,Orient Bell Limited,0.048764420686651315,9.674433,0.16335313943421279,65.92,15.111695137976346,1.0,0,0,0.0,,,
996.0,1340.0,RML,Rane (Madras) Limited,0.033740752469780484,20.0000059,0.23363276392644813,70.45,53.613666228646515,4.0,0,0,0.0,,,
997.0,1621.0,BLUEDART,Blue Dart Express Limited,0.02596291970026525,33.597983475,0.30199282607702865,75.0,999.0,0.0,0,0,0.0,,,
998.0,382.0,MEGASTAR,Megastar Foods Limited,0.07198889857042857,4.36,0.10870988141668521,61.47,20.992115637319316,1.0,0,0,0.0,,,
999.0,1358.0,DEEPAKNTR,Deepak Nitrite Limited,0.03277332690046154,21.024027375,0.23855197636589864,49.33,999.0,0.0,0,0,0.0,,,
1000.0,1976.0,ASIANPAINT,Asian Paints Limited,0.015065679687433569,99.3925,0.5183865830411678,52.63,81.60315374507228,2.0,0,0,1.0,trading_plan_disclosed,very_high,-304.0
1001.0,1320.0,DCW,DCW Limited,0.03486422480890258,18.516034949999998,0.22350159245789544,45.44,27.003942181340342,2.0,0,0,0.0,,,
1002.0,1360.0,GREENPANEL,Greenpanel Industries Limited,0.032670896896369823,21.024027375,0.23780640421237703,53.13,999.0,0.0,0,0,0.0,,,
1003.0,1362.0,DWARKESH,Dwarikesh Sugar Industries Limited,0.032646968173774396,21.024027375,0.2376322307424578,42.14,999.0,0.0,0,0,0.0,,,
1004.0,1786.0,WHEELS,Wheels India Limited,0.020937731913949303,51.05784076799999,0.370094319531886,58.31,72.14191852825229,3.0,0,0,1.0,trading_plan_disclosed,very_high,-153.0
1005.0,733.0,KWIL,Kwality Wall's (India) Limited,0.05433116612968804,7.559196,0.14221671558901902,61.9,999.0,0.0,0,0,0.0,,,
1006.0,734.0,MERCURYEV,Mercury Ev-Tech Limited,0.054279885672160876,7.559196,0.1420824843776733,59.18,999.0,0.0,0,0,0.0,,,
1007.0,455.0,KRITIKA,Kritika Wires Limited,0.06746571425894539,4.8919834,0.11430407739063972,63.32,20.992115637319316,9.0,0,0,0.0,,,
1008.0,1632.0,GLENMARK,Glenmark Pharmaceuticals Limited,0.025705107113248048,33.597983475,0.29899402807393816,46.65,999.0,0.0,0,0,0.0,,,
1012.0,987.0,QUINT,Quint Digital Limited,0.04651862772745722,10.177391025,0.16392963101954924,,999.0,0.0,0,0,0.0,,,
1013.0,988.0,RAJPALAYAM,Rajapalayam Mills Limited,0.04651862772745722,10.177391025,0.16392963101954924,,999.0,0.0,0,0,0.0,,,
1023.0,998.0,SONAL,Sonal Mercantile Limited,0.04651862772745722,10.177391025,0.16392963101954924,,999.0,0.0,0,0,0.0,,,
1022.0,997.0,SIKA,Sika Interplant Systems Limited,0.04651862772745722,10.177391025,0.16392963101954924,,999.0,0.0,0,0,0.0,,,
1024.0,999.0,SURYALA,Suryalata Spinning Mills Limited,0.04651862772745722,10.177391025,0.16392963101954924,,999.0,0.0,0,0,0.0,,,
1017.0,992.0,SEIL,Shanti Educational Initiatives Limited,0.04651862772745722,10.177391025,0.16392963101954924,,999.0,0.0,0,0,0.0,,,
1014.0,989.0,RRIL,RRIL Limited,0.04651862772745722,10.177391025,0.16392963101954924,,999.0,0.0,0,0,0.0,,,
1025.0,1000.0,TAALTECH,Taal Tech Limited,0.04651862772745722,10.177391025,0.16392963101954924,,999.0,0.0,0,0,0.0,,,
1019.0,994.0,SHINDL,Sharat Industries Limited,0.04651862772745722,10.177391025,0.16392963101954924,,999.0,0.0,0,0,0.0,,,
1018.0,993.0,SHBAJRG,Shri Bajrang Alliance Limited,0.04651862772745722,10.177391025,0.16392963101954924,,999.0,0.0,0,0,0.0,,,
1021.0,996.0,SICAGEN,Sicagen India Limited,0.04651862772745722,10.177391025,0.16392963101954924,,999.0,0.0,0,0,0.0,,,
1020.0,995.0,SHRIKRISH,Shri Krishna Devcon Limited,0.04651862772745722,10.177391025,0.16392963101954924,,999.0,0.0,0,0,0.0,,,
1010.0,985.0,PRAVEG,Praveg Limited,0.04651862772745722,10.177391025,0.16392963101954924,,999.0,0.0,0,0,0.0,,,
1011.0,986.0,PREMCO,Premco Global Limited,0.04651862772745722,10.177391025,0.16392963101954924,,999.0,0.0,0,0,0.0,,,
1016.0,991.0,SAYAJIHOTL,Sayaji Hotels Limited,0.04651862772745722,10.177391025,0.16392963101954924,,999.0,0.0,0,0,0.0,,,
1009.0,984.0,PML,Paul Merchants Limited,0.04651862772745722,10.177391025,0.16392963101954924,,999.0,0.0,0,0,0.0,,,
1015.0,990.0,SAPPL,Shree Ajit Pulp & Paper Limited,0.04651862772745722,10.177391025,0.16392963101954924,,999.0,0.0,0,0,0.0,,,
1026.0,743.0,LGHL,Laxmi Goldorna House Limited,0.053949793028196955,7.559196,0.14121843718324,74.97,45.006570302233904,1.0,0,0,0.0,,,
1027.0,1369.0,PRSMJOHNSN,Prism Johnson Limited,0.03233678709475499,21.024027375,0.23537447065431902,74.87,999.0,0.0,0,0,0.0,,,
1028.0,1118.0,JPPOWER,Jaiprakash Power Ventures Limited,0.04210327662914646,12.4,0.18076534476240652,24.0,51.01839684625492,3.0,0,0,0.0,,,
1029.0,1151.0,GODAVARIB,Godavari Biorefineries Limited,0.040948017102519114,13.022884999999999,0.1846350116056032,63.31,999.0,0.0,1,0,0.0,,,
1030.0,1007.0,SWANCORP,SWAN CORP LIMITED,0.04619999873686454,10.177391025,0.16280679624535924,53.96,28.02233902759527,2.0,0,0,0.0,,,
1031.0,243.0,BOHRAIND,Bohra Industries Limited,0.08464953175340531,3.0311156,0.08888701099364014,38.01,5.978975032851511,5.0,0,0,0.0,,,
1032.0,1363.0,HARSHA,Harsha Engineers International Limited,0.03263943483808278,20.3466881,0.22992405931173296,75.0,999.0,0.0,0,0,0.0,,,
1033.0,413.0,VAISHALI,Vaishali Pharma Limited,0.06985158705686113,4.4270000000000005,0.10710248565863774,31.61,20.992115637319316,8.0,0,0,0.0,promoter_stake_declining,medium,0.0
1034.0,1157.0,MALLCOM,Mallcom (India) Limited,0.04070212924408668,13.022884999999999,0.1835263008350258,73.68,999.0,0.0,0,0,0.0,,,
1035.0,1158.0,FINOPB,Fino Payments Bank Limited,0.04069334932164657,13.022884999999999,0.18348671207844286,75.0,999.0,0.0,0,0,0.0,,,
1036.0,655.0,MEDICAMEQ,Medicamen Biotech Limited,0.05762382149006404,6.49082295,0.12952340244676896,40.46,27.299605781865964,3.0,0,0,0.0,,,
1037.0,1332.0,CARYSIL,CARYSIL LIMITED,0.03407659062070113,18.516034949999998,0.21845236229998427,41.33,999.0,0.0,0,0,0.0,,,
1038.0,315.0,RAJMET,Rajnandini Metal Limited,0.07730116557627881,3.5963445285,0.09629638477151962,31.61,17.969776609724047,12.0,0,0,0.0,,,
1039.0,770.0,MSPL,MSP Steel & Power Limited,0.05309196222539073,7.559196,0.13897298787675938,40.22,15.013140604467806,2.0,0,0,0.0,,,
1040.0,1013.0,SHIVAUM,Shiv Aum Steels Limited,0.045728815911095004,10.177391025,0.1611463683577679,73.53,999.0,0.0,1,0,0.0,,,
1041.0,1370.0,DHARMAJ,Dharmaj Crop Guard Limited,0.03232365579192846,20.3466881,0.22769959677132542,70.4,999.0,0.0,0,0,0.0,,,
1042.0,775.0,PAUSHAKLTD,Paushak Limited,0.05294872128603506,7.559196,0.13859804183042526,67.28,999.0,0.0,0,0,0.0,,,
1043.0,1165.0,SINTERCOM,Sintercom India Limited,0.04031401043288369,13.022884999999999,0.18177626930037533,69.74,999.0,0.0,0,0,0.0,,,
1044.0,1339.0,COASTCORP,Coastal Corporation Limited,0.033798128519126065,18.516034949999998,0.21666724522130745,42.29,999.0,0.0,0,0,0.0,,,
1045.0,254.0,HINDWAREAP,Hindware Home Innovation Limited,0.08375775734807943,3.0148992,0.08748039642422126,52.74,10.348226018396845,1.0,0,0,0.0,,,
1046.0,1167.0,RAYMONDLSL,Raymond Lifestyle Limited,0.04028789654017469,13.022884999999999,0.18165852150146916,59.53,999.0,0.0,0,0,0.0,,,
1047.0,1373.0,HERANBA,Heranba Industries Limited,0.03222138889167085,20.3466881,0.22697919150214405,74.94,999.0,0.0,0,0,0.0,,,
1048.0,1016.0,SAKUMA,Sakuma Exports Limited,0.04555713828050685,10.177391025,0.1605413838169188,46.29,24.014454664914584,1.0,0,0,0.0,,,
1049.0,1768.0,NBCC,NBCC (India) Limited,0.02149409422303379,45.534688546,0.33883174023929674,61.75,77.06964520367937,8.0,0,0,0.0,,,
1050.0,781.0,KRSNAA,Krsnaa Diagnostics Limited,0.05271602836409209,7.559196,0.1379889471715595,27.11,29.993429697766096,1.0,0,0,0.0,,,
1051.0,1029.0,SETL,Standard Engineering Technology Limited,0.04542732772071233,10.177391025,0.1600839370217504,60.47,999.0,0.0,0,0,0.0,,,
1052.0,1174.0,AFCONS,Afcons Infrastructure Limited,0.04004907361247381,13.022884999999999,0.18058166657300367,50.17,999.0,0.0,0,0,0.0,,,
1053.0,1385.0,DPABHUSHAN,D. P. Abhushan Limited,0.03190619561489912,20.3466881,0.2247588553344796,74.89,999.0,0.0,0,0,0.0,,,
1054.0,1389.0,J&KBANK,The Jammu & Kashmir Bank Limited,0.03179265670163348,20.3466881,0.22395904590280952,59.4,30.519053876478317,2.0,0,0,0.0,,,
1055.0,1391.0,ICEMAKE,Ice Make Refrigeration Limited,0.031778185739416244,20.3466881,0.223857107177717,74.2,999.0,0.0,0,0,0.0,,,
1056.0,1393.0,HEALTHX,Health X Platform Limited,0.031730090370784524,20.3466881,0.22351830589501231,74.84,53.975032851511166,1.0,0,0,0.0,promoter_stake_declining,medium,0.0
1057.0,490.0,SIMPLEXINF,Simplex Infrastructures Limited,0.06518521944408118,4.8162397,0.10873112056901692,35.99,15.111695137976346,6.0,0,0,0.0,,,
1058.0,1005.0,ZUARIIND,ZUARI INDUSTRIES LIMITED,0.046386074355191924,9.507,0.1526974257017857,56.71,6.3731931668856765,1.0,0,0,0.0,,,
1059.0,59.0,BLUESTONE,BlueStone Jewellery and Lifestyle Limited,0.13546934896924925,1.1140137,0.05234491788218855,16.27,3.416557161629435,1.0,0,0,0.0,,,
1060.0,508.0,NCLIND,NCL Industries Limited,0.0646123325256681,4.888165,0.10938431502963362,41.56,12.02365308804205,8.0,0,0,0.0,,,
1061.0,1193.0,AYE,Aye Finance Limited,0.039518099787257475,13.022884999999999,0.1781875003760022,0.0,999.0,0.0,1,1,0.0,lockin_expiry_aif_vcf_6m; lockin_expiry_non_promoter_6m; lockin_expiry_promoter_excess_6m,high,9.0
1062.0,1421.0,POKARNA,Pokarna Limited,0.0310505272477315,21.024027375,0.22601198421650698,56.66,999.0,0.0,0,0,0.0,,,
1063.0,1051.0,PNGJL,P N Gadgil Jewellers Limited,0.044626302063783777,10.177391025,0.15726115727109186,83.11,999.0,0.0,0,0,0.0,,,
1064.0,1404.0,HPAL,HP Adhesives Limited,0.03154662182726591,20.3466881,0.2222258866944019,71.35,999.0,0.0,0,0,0.0,,,
1065.0,1969.0,ALLDIGI,Alldigi Tech Limited,0.015333687736683196,85.92512225,0.45612057243834936,73.39,84.92115637319316,2.0,0,0,0.0,,,
1066.0,425.0,HSCL,Himadri Speciality Chemical Limited,0.06914310999256201,4.21576485,0.10096007095471923,52.5,36.038107752956634,11.0,0,0,0.0,,,
1067.0,1355.0,ARVEE,Arvee Laboratories (India) Limited,0.032887561989184105,18.516034949999998,0.21082994149244552,73.5,999.0,0.0,0,0,0.0,,,
1068.0,338.0,RACE,Race Eco Chain Limited,0.07564040691216407,3.498017206,0.091652807581506,44.79,10.972404730617608,1.0,0,0,0.0,,,
1069.0,320.0,KRONOX,Kronox Lab Sciences Limited,0.0768566324981963,3.38590846,0.09014370632201811,74.21,21.846254927726676,1.0,0,0,0.0,,,
1070.0,970.0,UFBL,United Foodbrands Limited,0.047075035103954097,9.0202275,0.14703274561147833,34.59,55.4862023653088,1.0,0,0,0.0,,,
1071.0,608.0,SURYODAY,Suryoday Small Finance Bank Limited,0.05951459447601157,5.6349577,0.11614018131152642,22.48,21.911957950065702,5.0,0,0,1.0,trading_plan_disclosed,very_high,-147.0
1072.0,1206.0,VARDMNPOLY,Vardhman Polytex Limited,0.03908791733834875,13.022884999999999,0.17624780348548041,37.5,33.70565045992115,1.0,0,0,0.0,,,
1073.0,1207.0,CONFIPET,Confidence Petroleum India Limited,0.03906282443147438,13.022884999999999,0.17613465932173816,55.89,999.0,0.0,0,0,0.0,,,
1074.0,1441.0,CEATLTD,CEAT Limited,0.030633945096916453,21.024027375,0.22297974718736707,47.29,999.0,0.0,0,0,0.0,,,
1075.0,450.0,MANOMAY,Manomay Tex India Limited,0.06775563203737024,4.293,0.10074573002645344,57.31,23.226018396846253,1.0,0,0,1.0,trading_plan_disclosed,very_high,-219.0
1076.0,544.0,GLOBAL,Global Education Limited,0.06289916836485981,4.97475,0.10836938318994878,72.73,29.993429697766096,4.0,0,0,0.0,,,
1077.0,1422.0,ISGEC,Isgec Heavy Engineering Limited,0.031038505949473674,20.3466881,0.21864653350393476,62.43,999.0,0.0,0,0,0.0,,,
1078.0,1448.0,OBEROIRLTY,Oberoi Realty Limited,0.03050799261668633,21.024027375,0.2220629585690392,67.7,999.0,0.0,0,0,0.0,,,
1079.0,1075.0,SEDEMAC,SEDEMAC Mechatronics Limited,0.04382320609261469,10.177391025,0.15443108182264242,26.24,999.0,0.0,1,1,0.0,lockin_expiry_aif_vcf_6m; lockin_expiry_non_promoter_6m; lockin_expiry_promoter_excess_6m,high,35.0
1080.0,821.0,POLYMED,Poly Medicure Limited,0.05097909790691074,7.5180212,0.1327157248567498,62.42,34.69119579500657,4.0,0,0,0.0,,,
1081.0,239.0,SANDUMA,Sandur Manganese & Iron Ores Limited,0.0854028542291144,2.671,0.07903131279929626,74.22,25.328515111695136,1.0,0,0,0.0,,,
1082.0,1084.0,EICHERMOT,Eicher Motors Limited,0.0435446743402359,10.263,0.15474004295559401,49.06,37.286465177398156,5.0,0,0,0.0,,,
1083.0,1427.0,IIFLCAPS,IIFL Capital Services Limited,0.030916998214701296,20.3466881,0.21779058879302812,30.87,999.0,0.0,0,0,0.0,,,
1084.0,1367.0,ABMINTLLTD,ABM International Limited,0.03239367119557293,18.516034949999998,0.20766379110541025,74.7,999.0,0.0,0,0,0.0,,,
1085.0,1368.0,ARTNIRMAN,Art Nirman Limited,0.03239153935374619,18.516034949999998,0.20765012465948304,73.75,999.0,0.0,0,0,0.0,,,
1086.0,831.0,NDRAUTO,Ndr Auto Components Limited,0.05063019083148868,7.559196,0.13252907976449738,73.13,33.01576872536137,1.0,0,0,0.0,,,
1087.0,1431.0,HINDCON,Hindcon Chemicals Limited,0.030836425001711153,20.3466881,0.21722300175316714,68.76,999.0,0.0,0,0,0.0,,,
1088.0,1765.0,GRAPHITE,Graphite India Limited,0.021564969422030077,41.4932,0.3097778416115767,65.34,58.83705650459921,3.0,0,0,0.0,,,
1089.0,1960.0,XCHANGING,Xchanging Solutions Limited,0.015522550205437066,79.3735691,0.42653313066777915,75.0,84.69119579500656,1.0,0,0,0.0,,,
1090.0,1089.0,SSDL,Saraswati Saree Depot Limited,0.04334012522803596,10.177391025,0.15272872576117474,74.98,999.0,0.0,0,0,0.0,,,
1091.0,1375.0,BANKINDIA,Bank of India,0.03212182830343148,18.516034949999998,0.205921107319237,73.38,30.650459921156372,1.0,0,0,0.0,,,
1092.0,155.0,MANAPPURAM,Manappuram Finance Limited,0.09895093206699969,1.9491440999999998,0.06684157275234817,31.77,3.1537450722733245,5.0,0,0,0.0,,,
1093.0,1379.0,DCI,Dc Infotech And Communication Limited,0.03206956291345207,18.516034949999998,0.2055860533217694,62.2,999.0,0.0,0,0,0.0,,,
1094.0,754.0,BSOFT,BIRLASOFT LIMITED,0.05368027194506932,6.58,0.12231650644927111,40.39,10.611038107752956,1.0,0,0,0.0,,,
1095.0,301.0,SAGARDEEP,Sagardeep Alloys Limited,0.07908368386847665,3.0311156,0.0830425417817159,72.69,3.0223390275952693,2.0,0,0,0.0,,,
1096.0,1447.0,GRWRHITECH,Garware Hi-Tech Films Limited,0.03052231932009631,20.3466881,0.2150103270016577,60.72,999.0,0.0,0,0,0.0,,,
1097.0,1449.0,INTELLECT,Intellect Design Arena Limited,0.030474260837736532,20.3466881,0.21467178555927866,29.73,999.0,0.0,0,0,0.0,trading_plan_disclosed,very_high,-335.0
1098.0,1232.0,REPCOHOME,Repco Home Finance Limited,0.03798560614640882,13.022884999999999,0.17127747148607586,37.13,999.0,0.0,0,0,0.0,,,
1099.0,247.0,CROWN,Crown Lifters Limited,0.0843249308249746,2.637325,0.07705078136350524,67.82,3.0223390275952693,6.0,0,0,0.0,,,
1100.0,1098.0,SUVIDHAA,Suvidhaa Infoserve Limited,0.042854786945329425,10.177391025,0.15101841465591434,38.33,45.006570302233904,1.0,0,0,0.0,,,
1101.0,1392.0,DBCORP,D.B.Corp Limited,0.03176180623377706,18.516034949999998,0.20361313958644506,74.5,53.975032851511166,1.0,0,0,0.0,,,
1102.0,292.0,CHALET,Chalet Hotels Limited,0.08049978066320612,2.88064,0.08033616125261799,67.29,3.055190538764783,3.0,0,0,0.0,,,
1103.0,972.0,SOMATEX,Soma Textiles & Industries Limited,0.04700022929226677,8.4415,0.1373828908172505,80.6,8.5742444152431,5.0,0,0,0.0,,,
1104.0,559.0,GREENPLY,Greenply Industries Limited,0.06175862984142823,4.87142835,0.10419536620132903,51.89,12.155059132720105,2.0,0,0,0.0,,,
1105.0,717.0,BANG,Bang Overseas Limited,0.055366916583870884,6.0595162,0.1161836440636525,67.87,17.969776609724047,2.0,0,0,0.0,,,
1106.0,1395.0,BLAL,BEML Land Assets Limited,0.031652804794205174,18.516034949999998,0.20291437185367453,54.03,999.0,0.0,0,0,0.0,,,
1107.0,295.0,EUREKAFORB,Eureka Forbes Limited,0.08012720730417222,2.876472,0.07984873136177646,62.56,15.341655716162943,1.0,0,0,0.0,,,
1108.0,492.0,ARFIN,Arfin India Limited,0.0650507837330453,4.36,0.09823268762423698,69.77,999.0,0.0,0,0,0.0,,,
1109.0,1402.0,ASPINWALL,Aspinwall and Company Limited,0.0315570544765695,18.516034949999998,0.20230055214056686,64.46,999.0,0.0,0,0,0.0,,,
1110.0,1468.0,ELDEHSG,Eldeco Housing And Industries Limited,0.030087547142106028,20.3466881,0.21194763352870905,54.83,999.0,0.0,0,0,0.0,,,
1111.0,497.0,TOUCHWOOD,Touchwood Entertainment Limited,0.0649129633196142,4.36,0.09802456607913185,62.89,15.013140604467806,1.0,0,0,0.0,,,
1112.0,738.0,VAKRANGEE,Vakrangee Limited,0.05413261386284763,6.26659245,0.11747407714290564,40.05,15.013140604467806,4.0,0,0,0.0,,,
1113.0,785.0,MANINDS,Man Industries (India) Limited,0.05246708737696197,6.669,0.12116864166691126,43.21,27.59526938239159,4.0,0,0,0.0,,,
1114.0,905.0,JINDALSTEL,JINDAL STEEL LIMITED,0.04870156097176247,7.72377055,0.13025536326061748,62.69,4.303547963206308,2.0,0,0,0.0,,,
1115.0,2002.0,IOC,Indian Oil Corporation Limited,0.012185852708482025,122.964424,0.518734345969141,51.5,83.31143232588698,9.0,0,0,0.0,,,
1116.0,1705.0,SUNPHARMA,Sun Pharmaceutical Industries Limited,0.023285273205967856,33.597983475,0.2708472522593098,54.48,999.0,0.0,0,0,0.0,,,
1117.0,1410.0,ALBERTDAVD,Albert David Limited,0.031321375661397984,18.516034949999998,0.20078970281613348,62.24,999.0,0.0,0,0,0.0,,,
1118.0,1494.0,KOHINOOR,Kohinoor Foods Limited,0.029455691591887358,20.9176944,0.21331914790804893,37.67,39.02759526938239,4.0,0,0,0.0,,,
1119.0,1412.0,CCHHL,Country Club Hospitality & Holidays Limited,0.03130250000267265,18.516034949999998,0.20066869798074913,73.8,999.0,0.0,0,0,0.0,,,
1120.0,1479.0,EMBDL,Embassy Developments Limited,0.029824889386938978,20.3466881,0.21009737669744638,42.65,53.975032851511166,1.0,0,0,0.0,,,
1121.0,1415.0,CENTRUM,Centrum Capital Limited,0.031237222414199062,18.516034949999998,0.2002502276130405,39.44,999.0,0.0,0,0,0.0,,,
1122.0,1419.0,OLECTRA,Olectra Greentech Limited,0.031142397304971762,18.6,0.20054755578403882,50.02,51.01839684625492,10.0,0,0,0.0,,,
1123.0,959.0,SPORTKING,Sportking India Limited,0.047617055067664275,7.927465,0.13071249856378994,74.36,38.66622864651774,5.0,0,0,0.0,,,
1124.0,212.0,GVPTECH,GVP Infotech Limited,0.08818943055496609,2.3053476,0.07044683996995257,74.8,9.00131406044678,10.0,0,0,0.0,,,
1125.0,1502.0,IZMO,IZMO Limited,0.029202304712051635,21.024027375,0.21255905830546024,34.79,999.0,0.0,0,0,0.0,,,
1126.0,907.0,PARKHOSPS,Park Medi World Limited,0.04868694166268816,7.559196,0.12744245022854694,82.89,999.0,0.0,1,0,0.0,,,
1127.0,1351.0,MAITHANALL,Maithan Alloys Limited,0.0331622362119052,16.29,0.18703566553119869,74.96,61.925098554533506,5.0,0,0,0.0,,,
1128.0,1489.0,DMCC,DMCC SPECIALITY CHEMICALS LIMITED,0.02966925459185101,20.3466881,0.20900102855188896,53.84,999.0,0.0,0,0,0.0,,,
1129.0,235.0,TRU,TruCap Finance Limited,0.08565893344435452,2.4370105,0.07232970055944156,30.96,12.02365308804205,10.0,0,0,0.0,,,
1130.0,1426.0,AYMSYNTEX,AYM Syntex Limited,0.030941848510694217,18.516034949999998,0.1983566952552816,65.86,999.0,0.0,0,0,0.0,,,
1131.0,328.0,WINDMACHIN,Windsor Machines Limited,0.07644810460232428,3.0311156,0.0802750277937171,42.95,0.42706964520367935,2.0,0,0,0.0,,,
1132.0,1428.0,AURUS,AURUS GEM CORPORATION LIMITED,0.030902210053806917,18.516034949999998,0.19810258783469661,36.37,999.0,0.0,0,0,0.0,,,
1133.0,1495.0,HEMIPROP,Hemisphere Properties India Limited,0.02941490756258921,20.3466881,0.20720931549889451,51.12,999.0,0.0,0,0,0.0,,,
1134.0,1087.0,TMB,Tamilnad Mercantile Bank Limited,0.04346744855374996,9.317,0.14023062092571528,0.0,25.065703022339026,1.0,0,0,0.0,,,
1135.0,1263.0,SANDHAR,Sandhar Technologies Limited,0.03666173138775401,13.022884999999999,0.16530810718653918,70.38,999.0,0.0,0,0,0.0,,,
1136.0,1435.0,DBOL,Dhampur Bio Organics Limited,0.03074607759960773,18.516034949999998,0.19710168067731257,50.65,999.0,0.0,0,0,0.0,,,
1137.0,127.0,GOODLUCK,Goodluck India Limited,0.10966582014092774,1.45314,0.05524914726107103,56.45,0.0657030223390276,4.0,0,0,0.0,promoter_stake_declining,medium,0.0
1138.0,71.0,ATALREAL,Atal Realtech Limited,0.1282817875838421,1.05896,0.04712281028274504,30.15,17.969776609724047,11.0,0,0,0.0,,,
1139.0,534.0,RUDRA,Rudra Global Infra Products Limited,0.06316154654476736,4.36,0.0953797650933448,72.88,999.0,0.0,0,0,0.0,,,
1140.0,1520.0,SONATSOFTW,Sonata Software Limited,0.02874585711795849,21.024027375,0.2092366468820156,28.17,999.0,0.0,0,0,1.0,trading_plan_disclosed,very_high,-226.0
1141.0,1259.0,IGPL,IG Petrochemicals Limited,0.03694247136893298,12.697010650000001,0.16240644264217896,68.74,36.10381077529566,4.0,0,0,0.0,,,
1142.0,249.0,FUSION,Fusion Finance Limited,0.08426305404304536,2.4391537,0.07121354898477314,54.55,4.139290407358739,6.0,0,0,0.0,promoter_stake_declining,medium,0.0
1143.0,1102.0,ROHLTD,Royal Orchid Hotels Limited,0.042704995830608494,9.47893555,0.1401648600938582,64.06,39.09329829172142,7.0,0,0,0.0,,,
1144.0,1541.0,HEG,HEG Limited,0.02820156182461799,21.729,0.2121573241430486,56.28,60.21681997371879,8.0,0,0,0.0,,,
1145.0,1994.0,SUDARCOLOR,Sudarshan Colorants India Limited,0.013066024893659812,100.827562,0.45607264216234233,70.26,71.81340341655716,2.0,0,0,0.0,,,
1146.0,1505.0,GALAXYSURF,Galaxy Surfactants Limited,0.02907732003766369,20.3466881,0.2048312260960317,70.9,999.0,0.0,0,0,0.0,,,
1148.0,938.0,KENNAMET,Kennametal India Limited,0.04762544061786747,7.559196,0.12466387573912106,,999.0,0.0,0,0,0.0,,,
1155.0,945.0,LAHOTIOV,Lahoti Overseas Limited,0.04762544061786747,7.559196,0.12466387573912106,,999.0,0.0,0,0,0.0,,,
1152.0,942.0,KOTIC,Kothari Industrial Corporation Limited,0.04762544061786747,7.559196,0.12466387573912106,,999.0,0.0,0,0,0.0,,,
1154.0,944.0,KPL,Kwality Pharmaceuticals Limited,0.04762544061786747,7.559196,0.12466387573912106,,999.0,0.0,0,0,0.0,,,
1153.0,943.0,KOVAI,Kovai Medical Center & Hospital Limited,0.04762544061786747,7.559196,0.12466387573912106,,999.0,0.0,0,0,0.0,,,
1151.0,941.0,KLBRENG-B,Kilburn Engineering Limited,0.04762544061786747,7.559196,0.12466387573912106,,999.0,0.0,0,0,0.0,,,
1149.0,939.0,KIRANVYPAR,Kiran Vyapar Limited,0.04762544061786747,7.559196,0.12466387573912106,,999.0,0.0,0,0,0.0,,,
1164.0,954.0,NILE,Nile Limited,0.04762544061786747,7.559196,0.12466387573912106,,999.0,0.0,0,0,0.0,,,
1166.0,956.0,NITTAGELA,Nitta Gelatin India Limited,0.04762544061786747,7.559196,0.12466387573912106,,999.0,0.0,0,0,0.0,,,
1165.0,955.0,NIRLON,Nirlon Limited,0.04762544061786747,7.559196,0.12466387573912106,,999.0,0.0,0,0,0.0,,,
1160.0,950.0,MERCANTILE,Mercantile Ventures Limited,0.04762544061786747,7.559196,0.12466387573912106,,999.0,0.0,0,0,0.0,,,
1163.0,953.0,NEAGI,Neelamalai Agro Industries Limited,0.04762544061786747,7.559196,0.12466387573912106,,999.0,0.0,0,0,0.0,,,
1167.0,957.0,NOVARTIND,Novartis India Limited,0.04762544061786747,7.559196,0.12466387573912106,,999.0,0.0,0,0,0.0,,,
1150.0,940.0,KIRLFER,Kirloskar Ferrous Industries Limited,0.04762544061786747,7.559196,0.12466387573912106,,999.0,0.0,0,0,0.0,,,
1158.0,948.0,MCCHRLS-B,Mac Charles India Limited,0.04762544061786747,7.559196,0.12466387573912106,,999.0,0.0,0,0,0.0,,,
1157.0,947.0,MAFATIND,Mafatlal Industries Limited,0.04762544061786747,7.559196,0.12466387573912106,,999.0,0.0,0,0,0.0,,,
1156.0,946.0,MADHAVIPL,Madhav Infra Projects Limited,0.04762544061786747,7.559196,0.12466387573912106,,999.0,0.0,0,0,0.0,,,
1147.0,937.0,KAMAHOLD,Kama Holdings Limited,0.04762544061786747,7.559196,0.12466387573912106,,999.0,0.0,0,0,0.0,,,
1159.0,949.0,MENNPIS,Menon Pistons Limited,0.04762544061786747,7.559196,0.12466387573912106,,999.0,0.0,0,0,0.0,,,
1161.0,951.0,METROGLOBL,Metroglobal Limited,0.04762544061786747,7.559196,0.12466387573912106,,999.0,0.0,0,0,0.0,,,
1162.0,952.0,NATIONSTD,National Standard (India) Limited,0.04762544061786747,7.559196,0.12466387573912106,,999.0,0.0,0,0,0.0,,,
1168.0,1451.0,CAPLIPOINT,Caplin Point Laboratories Limited,0.030413554077618875,18.516034949999998,0.1949699959173164,70.57,999.0,0.0,0,0,0.0,,,
1169.0,1274.0,UJJIVANSFB,Ujjivan Small Finance Bank Limited,0.03622093455332024,13.022884999999999,0.16332054992735298,0.0,45.499342969776606,1.0,0,0,0.0,,,
1170.0,1458.0,APOLSINHOT,Apollo Sindoori Hotels Limited,0.030337926335582653,18.516034949999998,0.19448517456041722,64.68,999.0,0.0,0,0,0.0,,,
1171.0,964.0,KSHINTL,KSH International Limited,0.04742809803893517,7.559196,0.12414731378360135,74.58,999.0,0.0,1,0,0.0,,,
1172.0,1531.0,MARICO,Marico Limited,0.028407987191816447,21.055141749999997,0.2070833313418483,58.93,27.529566360052563,2.0,0,0,0.0,,,
1173.0,1278.0,BLUESTARCO,Blue Star Limited,0.03611950310186825,13.022884999999999,0.16286319451575576,36.49,33.27858081471748,1.0,0,0,0.0,,,
1174.0,86.0,MWL,Mangalam Worldwide Limited,0.12029744465118648,1.1738832,0.04897578271726633,66.5,12.02365308804205,3.0,0,0,0.0,,,
1175.0,1464.0,AIROLAM,Airo Lam limited,0.03022655322084296,18.516034949999998,0.19377120289927302,53.41,999.0,0.0,0,0,0.0,,,
1176.0,1591.0,AHLEAST,Asian Hotels (East) Limited,0.027115125963340644,22.9608238,0.2155469617974164,65.63,54.69776609724047,1.0,0,0,0.0,,,
1177.0,680.0,ALICON,Alicon Castalloy Limited,0.05695820207962494,5.20337365,0.10264160723843144,54.01,18.69250985545335,8.0,0,0,0.0,,,
1178.0,351.0,WIPL,The Western India Plywoods Limited,0.07460363301056532,3.0311156,0.07833822361703552,37.06,3.0223390275952693,2.0,0,0,0.0,,,
1179.0,842.0,PLASTIBLEN,Plastiblends India Limited,0.05025336017836219,6.671608,0.11610158216461959,62.81,17.969776609724047,8.0,0,0,0.0,,,
1180.0,1281.0,SPAL,S. P. Apparels Limited,0.035942417743232896,13.022884999999999,0.16206471489304386,61.81,999.0,0.0,0,0,0.0,,,
1181.0,1110.0,BAJAJHIND,Bajaj Hindusthan Sugar Limited,0.042180012566828136,9.4390165,0.13785888513723998,13.43,3.1537450722733245,2.0,0,0,0.0,,,
1182.0,341.0,JKCEMENT,JK Cement Limited,0.07532140688236845,2.9549475,0.07710586332156197,45.66,4.369250985545335,7.0,0,0,0.0,,,
1183.0,1523.0,DMART,Avenue Supermarts Limited,0.028688417519258613,20.3466881,0.20209165520113617,74.51,999.0,0.0,0,0,0.0,,,
1184.0,1470.0,DCMSRIND,DCM Shriram Industries Limited,0.030065281497941704,18.516034949999998,0.1927373497995863,50.11,999.0,0.0,0,0,0.0,,,
1185.0,1283.0,UNIPARTS,Uniparts India Limited,0.03580940172863599,13.022884999999999,0.16146494437577208,65.88,999.0,0.0,0,0,0.0,,,
1186.0,1344.0,JISLJALEQS,Jain Irrigation Systems Limited,0.03367498642134007,14.697662,0.17136473651794384,26.68,33.01576872536137,3.0,0,0,0.0,,,
1187.0,284.0,URJA,Urja Global Limited,0.08130448196659042,2.5137362125,0.07081235825702861,18.35,12.02365308804205,11.0,0,0,0.0,promoter_stake_declining,medium,0.0
1188.0,642.0,ROSSELLIND,Rossell India Limited,0.058280351016981986,4.8733749,0.0983663004563858,74.8,16.78712220762155,2.0,0,0,0.0,,,
1189.0,567.0,ORICONENT,Oricon Enterprises Limited,0.06145172513355474,4.36,0.0927977769458975,65.7,17.969776609724047,1.0,0,0,0.0,,,
1190.0,1532.0,JMA,Jullundur Motor Agency (Delhi) Limited,0.02838978309396512,20.3466881,0.1999879656104821,51.0,999.0,0.0,0,0,0.0,,,
1191.0,1298.0,RAMAPHO,Rama Phosphates Limited,0.03545731406250831,13.022884999999999,0.15987737762842708,75.0,999.0,0.0,0,0,0.0,,,
1192.0,1755.0,HCLTECH,HCL Technologies Limited,0.022064210199428662,33.597983475,0.25664421683725297,60.86,999.0,0.0,0,0,0.0,,,
1193.0,325.0,ATAM,Atam Valves Limited,0.07662693804023715,2.783601828,0.07389708657723462,52.29,12.680683311432325,11.0,0,0,0.0,,,
1194.0,595.0,NATCOPHARM,Natco Pharma Limited,0.0601941705637997,4.5059895,0.09394088529709527,49.42,3.7450722733245727,5.0,0,0,0.0,,,
1195.0,1533.0,GENUSPAPER,Genus Paper & Boards Limited,0.02831254928570134,20.3466881,0.19944390255301173,50.84,999.0,0.0,0,0,0.0,,,
1196.0,569.0,VGL,VARVEE GLOBAL LIMITED,0.06111882333987614,4.36,0.09229506451060725,65.63,15.013140604467806,2.0,0,0,0.0,,,
1197.0,1535.0,GHCLTEXTIL,GHCL Textiles Limited,0.028278846468466942,20.3466881,0.19920648764104357,19.2,999.0,0.0,0,0,0.0,,,
1198.0,1177.0,SURAKSHA,Suraksha Diagnostic Limited,0.03990086765159528,10.177391025,0.14060893089555074,49.1,999.0,0.0,1,0,0.0,,,
1199.0,1540.0,GANGESSECU,Ganges Securities Limited,0.028219664226189482,20.3466881,0.19878958638490637,66.64,999.0,0.0,0,0,0.0,,,
1200.0,1542.0,ICICIPRULI,ICICI Prudential Life Insurance Company Limited,0.028131262271413875,20.3466881,0.19816685083835262,72.8,999.0,0.0,0,0,0.0,,,
1201.0,1307.0,JSL,Jindal Stainless Limited,0.0351569385912041,13.022884999999999,0.15852298167583578,62.05,39.5203679369251,1.0,0,0,0.0,,,
1202.0,1543.0,HPL,HPL Electric & Power Limited,0.02812474109433555,20.3466881,0.19812091329339276,72.66,999.0,0.0,0,0,0.0,,,
1203.0,1493.0,APCL,Anjani Portland Cement Limited,0.029475634326783743,18.516034949999998,0.18895734085160457,75.0,999.0,0.0,0,0,0.0,,,
1204.0,504.0,GPTINFRA,GPT Infraprojects Limited,0.06469364847402131,3.8240807940000003,0.08569112293884569,69.37,18.101182654402102,9.0,0,0,0.0,,,
1205.0,1315.0,KITEX,Kitex Garments Limited,0.03501487112515445,13.022884999999999,0.15788239807499418,56.66,999.0,0.0,0,0,0.0,,,
1206.0,599.0,KERNEX,Kernex Microsystems (India) Limited,0.06000245598851407,4.4214323,0.09188529701679189,28.85,15.440210249671484,5.0,0,0,0.0,,,
1207.0,1319.0,RUPA,Rupa & Company Limited,0.034883707528083376,13.022884999999999,0.15729098012655435,73.28,999.0,0.0,0,0,0.0,,,
1208.0,1579.0,PNBGILTS,PNB Gilts Limited,0.02744779819828327,21.024027375,0.19978827681972733,74.07,999.0,0.0,0,0,0.0,,,
1209.0,1780.0,ONGC,Oil & Natural Gas Corporation Limited,0.021118239721046313,35.433316,0.2590585623955001,58.89,50.59132720105124,7.0,0,0,0.0,,,
1210.0,1899.0,GFLLIMITED,GFL Limited,0.017476684444827417,51.7156018,0.3128965206496587,68.72,57.22733245729303,3.0,0,0,0.0,,,
1211.0,740.0,NATHBIOGEN,Nath Bio-Genes (India) Limited,0.05410378329089841,5.39361635,0.10106097664054546,45.6,30.28909329829172,6.0,0,0,0.0,,,
1212.0,1585.0,MOREPENLAB,Morepen Laboratories Limited,0.02735043069315874,21.024027375,0.19907955381300244,35.65,999.0,0.0,0,0,0.0,,,
1213.0,694.0,SHIVATEX,Shiva Texyarn Limited,0.05630674403876469,4.956825,0.09666185384884521,74.04,21.090670170827856,4.0,0,0,0.0,,,
1214.0,1323.0,MTNL,Mahanagar Telephone Nigam Limited,0.03469787180986045,13.022884999999999,0.15645304504645213,56.25,29.993429697766096,1.0,0,0,0.0,,,
1215.0,1334.0,GARFIBRES,Garware Technical Fibres Limited,0.034011100906852,13.525125,0.15926974342719954,53.36,42.24704336399474,7.0,0,0,0.0,,,
1216.0,383.0,UGARSUGAR,The Ugar Sugar Works Limited,0.07179041360970198,3.0311156,0.07538417698934108,44.54,3.0223390275952693,2.0,0,0,0.0,,,
1217.0,776.0,DIVISLAB,Divi's Laboratories Limited,0.05286108694852001,5.582879999999999,0.10220315310710365,51.88,9.658344283837057,2.0,0,0,0.0,,,
1218.0,1203.0,RUCHINFRA,Ruchi Infrastructure Limited,0.039138300340762364,10.177391025,0.1379216766922496,53.7,12.02365308804205,3.0,0,0,0.0,,,
1219.0,607.0,BMWVENTLTD,BMW Ventures Limited,0.05978759160333082,4.36,0.09028478171573454,73.02,999.0,0.0,0,0,0.0,,,
1220.0,1205.0,RBZJEWEL,RBZ Jewellers Limited,0.03911291403702654,10.177391025,0.137832216456476,75.0,999.0,0.0,0,0,0.0,,,
1221.0,817.0,INSECTICID,Insecticides (India) Limited,0.05126177523103031,5.9014,0.10476339026079509,72.3,20.992115637319316,6.0,0,0,0.0,,,
1222.0,1034.0,OMNI,Omnitech Engineering Limited,0.04518874363345282,7.559196,0.11828560214966906,74.19,999.0,0.0,1,1,0.0,lockin_expiry_aif_vcf_6m; lockin_expiry_non_promoter_6m; lockin_expiry_promoter_excess_6m,high,29.0
1223.0,1574.0,JITFINFRA,JITF Infralogistics Limited,0.027540428550830304,20.3466881,0.19400480305508871,63.03,999.0,0.0,0,0,0.0,,,
1224.0,1514.0,BORORENEW,BOROSIL RENEWABLES LIMITED,0.028827672912239706,18.516034949999998,0.18480350095424128,58.77,999.0,0.0,0,0,0.0,,,
1225.0,1775.0,RALLIS,Rallis India Limited,0.021391836900642287,33.597983475,0.2488233740729025,55.08,999.0,0.0,0,0,0.0,,,
1226.0,1211.0,REPRO,Repro India Limited,0.03885029148694811,10.177391025,0.1369067459549814,46.71,33.54139290407359,1.0,0,0,0.0,,,
1227.0,1582.0,DHUNINV,Dhunseri Investments Limited,0.02741260920400875,20.3466881,0.19310439705156637,74.95,999.0,0.0,0,0,0.0,,,
1228.0,1215.0,PYRAMID,Pyramid Technoplast Limited,0.03873170710707245,10.177391025,0.13648885973203453,74.94,999.0,0.0,0,0,0.0,,,
1229.0,808.0,RANEHOLDIN,Rane Holdings Limited,0.05141900616129415,5.772875,0.10279694743315018,46.63,6.044678055190539,2.0,0,0,0.0,,,
1230.0,1689.0,GTPL,GTPL Hathway Limited,0.02370097189794927,27.1701121,0.22294311884569215,75.0,76.05124835742444,1.0,0,0,0.0,,,
1231.0,726.0,OMINFRAL,OM INFRA LIMITED,0.05475926134908451,5.0782525,0.09630713631398345,67.05,24.014454664914584,8.0,0,0,0.0,,,
1232.0,621.0,ONEPOINT,One Point One Solutions Limited,0.05901204249788656,4.36,0.08911363098333126,52.31,24.0473061760841,2.0,0,0,0.0,,,
1233.0,1331.0,STOVEKRAFT,Stove Kraft Limited,0.03413578328225466,13.022884999999999,0.15391858235054087,55.79,999.0,0.0,0,0,0.0,,,
1234.0,1777.0,HDFCBANK,HDFC Bank Limited,0.021245221577126154,33.597983475,0.24711798899271897,0.0,999.0,0.0,0,0,0.0,,,
1235.0,1525.0,CINELINE,Cineline India Limited,0.028581403797309148,18.516034949999998,0.18322476115257152,69.6,999.0,0.0,0,0,0.0,promoter_stake_declining,medium,0.0
1236.0,626.0,HARDWYN,Hardwyn India Limited,0.05888367919594321,4.36,0.08891979054946404,43.77,39.58607095926413,1.0,0,0,0.0,,,
1237.0,402.0,TREL,Transindia Real Estate Limited,0.07048604489969952,3.0311156,0.07401451275772429,70.96,24.014454664914584,1.0,0,0,0.0,,,
1238.0,1213.0,TRIVENI,Triveni Engineering & Industries Limited,0.03877304871589421,10.01664,0.13447687253323207,60.98,33.63994743758213,12.0,0,0,0.0,,,
1239.0,1052.0,MANBA,Manba Finance Limited,0.044512600267230806,7.559196,0.11651573605509881,74.98,999.0,0.0,0,0,0.0,,,
1240.0,1941.0,SHOPERSTOP,Shoppers Stop Limited,0.016432720731367364,55.356955799999994,0.31492024996909895,66.06,75.45992115637318,2.0,0,0,0.0,,,
1241.0,638.0,AVONMORE,Avonmore Capital & Management Services Limited,0.058355439044270145,4.379888879999999,0.08852388409252669,58.46,25.952693823915897,3.0,0,0,0.0,,,
1242.0,1223.0,REDTAPE,Redtape Limited,0.038274883598074,10.177391025,0.13487903345534558,71.83,999.0,0.0,0,0,0.0,,,
1243.0,1046.0,TIMETECHNO,Time Technoplast Limited,0.04477308512458495,7.42124875,0.11505945877449975,47.56,24.342969776609724,2.0,0,0,0.0,,,
1244.0,207.0,PIGL,Power & Instrumentation (Gujarat) Limited,0.08880436316727992,1.884375,0.057996392349196055,50.69,3.416557161629435,7.0,0,0,0.0,,,
1245.0,1341.0,SIKKO,Sikko Industries Limited,0.033736808772633374,13.022884999999999,0.15211960236501834,54.96,999.0,0.0,0,0,0.0,,,
1246.0,1342.0,VISHNU,Vishnu Chemicals Limited,0.033725386234278225,13.022884999999999,0.15206809802729943,69.21,999.0,0.0,0,0,0.0,,,
1247.0,1225.0,SIGNATURE,Signatureglobal (India) Limited,0.0381397508384104,10.177391025,0.13440283145815654,69.63,999.0,0.0,0,0,0.0,,,
1248.0,934.0,MOLDTKPAC,Mold-Tek Packaging Limited,0.04777760489304694,6.461392699999999,0.10690489568368239,33.19,39.02759526938239,6.0,0,0,0.0,,,
1249.0,981.0,GOYALALUM,Goyal Aluminiums Limited,0.04661761797935149,6.78000452,0.10945114941997584,69.94,36.038107752956634,2.0,0,0,0.0,,,
1250.0,1229.0,SANATHAN,Sanathan Textiles Limited,0.038033722536326316,10.177391025,0.13402919230998336,78.58,999.0,0.0,1,0,0.0,,,
1251.0,1602.0,FILATEX,Filatex India Limited,0.0268889750934767,20.3466881,0.18941572778125343,65.47,999.0,0.0,0,0,0.0,,,
1252.0,1142.0,PDSL,PDS Limited,0.04140308160111945,8.5608628,0.12273310007689027,61.37,36.530880420499344,1.0,0,0,0.0,,,
1253.0,1238.0,SINCLAIR,Sinclairs Hotels Limited,0.03795484413437924,10.177391025,0.13375122823498198,63.6,999.0,0.0,0,0,0.0,,,
1254.0,1239.0,ROSSTECH,Rossell Techsys Limited,0.03794627578122784,10.177391025,0.13372103372927163,74.8,999.0,0.0,0,0,0.0,,,
1255.0,1240.0,SCILAL,Shipping Corporation of India Land and Assets Limited,0.03791018228918864,10.177391025,0.13359384182527012,63.75,999.0,0.0,0,0,0.0,,,
1256.0,622.0,GEEKAYWIRE,Geekay Wires Limited,0.058981573746524366,4.186975,0.08553475417295268,59.77,20.992115637319316,2.0,0,0,0.0,,,
1257.0,1346.0,MANALIPETC,Manali Petrochemicals Limited,0.03342358589107495,13.022884999999999,0.15070727731330974,44.86,999.0,0.0,0,0,0.0,,,
1258.0,651.0,SOLARWORLD,Solarworld Energy Solutions Limited,0.05773039335540269,4.36,0.08717822248196477,65.77,999.0,0.0,0,0,0.0,,,
1259.0,1554.0,APLLTD,Alembic Pharmaceuticals Limited,0.02799804711265668,18.516034949999998,0.17948507817652865,69.74,999.0,0.0,0,0,0.0,,,
1260.0,1347.0,FAZE3Q,Faze Three Limited,0.03335419270685649,13.022884999999999,0.15039438276358227,58.01,999.0,0.0,0,0,0.0,,,
1261.0,1613.0,RIIL,Reliance Industrial Infrastructure Limited,0.026246523563258815,21.024027375,0.1910443845925616,45.43,999.0,0.0,0,0,0.0,,,
1262.0,1245.0,SURAJLTD,Suraj Limited,0.03767206392698934,10.177391025,0.1327547230214437,75.0,999.0,0.0,0,0,0.0,,,
1263.0,657.0,GNRL,Gujarat Natural Resources Limited,0.057553594077202494,4.36,0.0869112392533091,,999.0,0.0,0,0,0.0,,,
1264.0,1637.0,CESC,CESC Limited,0.025515907598366225,22.13025,0.19549771564401847,52.11,33.18002628120893,3.0,0,0,0.0,,,
1265.0,1246.0,PVSL,Popular Vehicles and Services Limited,0.037607442922018695,10.177391025,0.13252700139639892,61.36,999.0,0.0,0,0,0.0,,,
1266.0,666.0,GRAVISSHO,Graviss Hospitality Limited,0.05723331948796545,4.36,0.08642759506221658,,999.0,0.0,0,0,0.0,,,
1267.0,668.0,IGCL,Indogulf Cropsciences Limited,0.05721521192299281,4.36,0.08640025096777965,69.05,999.0,0.0,0,0,0.0,,,
1268.0,1617.0,JMFINANCIL,JM Financial Limited,0.026046422910117262,21.024027375,0.18958788289458012,57.07,999.0,0.0,0,0,0.0,,,
1269.0,671.0,FEDDERSHOL,Fedders Holding Limited,0.05714555082913798,4.36,0.08629505628633988,,999.0,0.0,0,0,0.0,,,
1270.0,1567.0,CANTABIL,Cantabil Retail India Limited,0.027680252107472287,18.516034949999998,0.17744781246581248,74.46,999.0,0.0,0,0,0.0,,,
1271.0,678.0,RMC,RMC Switchgears Limited,0.05701707133723063,4.36,0.08610104039490268,51.97,999.0,0.0,0,0,0.0,,,
1272.0,589.0,BCONCEPTS,Brand Concepts Limited,0.060433633632971336,3.83396235,0.08025517569461171,52.11,29.993429697766096,11.0,0,0,0.0,,,
1273.0,246.0,JKLAKSHMI,JK Lakshmi Cement Limited,0.08437150641004389,1.966599,0.057502956553197836,45.12,9.231274638633376,4.0,0,0,0.0,,,
1274.0,228.0,AKG,Akg Exim Limited,0.08665757595690764,1.8592,0.05583913978156983,37.6,15.013140604467806,9.0,0,0,0.0,,,
1275.0,1630.0,SKMEGGPROD,SKM Egg Products Export (India) Limited,0.025738449927577595,21.024027375,0.18734619519911752,57.47,999.0,0.0,0,0,0.0,,,
1276.0,1361.0,RPGLIFE,RPG Life Sciences Limited,0.03265195564757815,13.022884999999999,0.1472279889607975,72.95,999.0,0.0,0,0,0.0,,,
1277.0,778.0,MAXIND,Max India Limited,0.05274494793737704,4.9839864,0.09104326097041109,49.82,33.8042049934297,3.0,0,0,0.0,promoter_stake_declining,medium,0.0
1278.0,581.0,NBIFIN,N. B. I. Industrial Finance Company Limited,0.0606923359737823,3.717375,0.0781491740966062,74.17,15.013140604467806,2.0,0,0,0.0,,,
1279.0,2036.0,SKFINDIA,SKF India Limited,0.008666913272090187,182.2908,0.5469357599067514,52.58,108.54139290407359,1.0,0,0,0.0,,,
1280.0,2030.0,RCF,Rashtriya Chemicals and Fertilizers Limited,0.009114047525532097,163.838341492,0.5169333233064867,75.0,108.04862023653088,1.0,0,0,0.0,,,
1281.0,702.0,KSR,KSR Footwear Limited,0.05578803082431257,4.36,0.08424507577995707,60.94,999.0,0.0,0,0,0.0,,,
1282.0,1596.0,ASHIANA,Ashiana Housing Limited,0.027006564653537048,18.516034949999998,0.1731290524876763,61.11,999.0,0.0,0,0,0.0,,,
1283.0,1270.0,RVTH,Revathi Equipment India Limited,0.03633010967435641,10.177391025,0.12802573430818923,63.91,999.0,0.0,0,0,0.0,,,
1284.0,718.0,ACSTECH,ACS Technologies Limited,0.0553551101406586,4.36,0.08359132558906048,,999.0,0.0,0,0,0.0,,,
1285.0,1122.0,OSWALPUMPS,Oswal Pumps Limited,0.042011524917280475,7.559196,0.10996894630165321,75.67,999.0,0.0,0,0,0.0,,,
1286.0,1269.0,ANANTRAJ,Anant Raj Limited,0.0363529903454608,10.091025,0.12701947617115344,57.41,42.3784494086728,3.0,0,0,0.0,,,
1287.0,794.0,BRIGADE,Brigade Enterprises Limited,0.051880580460280254,4.9254329,0.08849965089418656,41.1,21.81340341655716,2.0,0,0,0.0,,,
1288.0,380.0,ASIANENE,Asian Energy Services Limited,0.07205141671686718,2.54862155,0.06362351265681207,56.16,27.890932982917214,5.0,0,0,0.0,,,
1289.0,1653.0,HUHTAMAKI,Huhtamaki India Limited,0.025040919074875777,21.024027375,0.18226897603264144,67.73,999.0,0.0,0,0,0.0,,,
1290.0,1381.0,DECCANCE,Deccan Cements Limited,0.032007345112984115,12.85522,0.14246365476681389,56.25,42.3784494086728,2.0,0,0,0.0,,,
1291.0,1130.0,PARACABLES,Paramount Communications Limited,0.04167540458220578,7.559196,0.10908912108341842,49.18,33.01576872536137,1.0,0,0,0.0,promoter_stake_declining,medium,0.0
1292.0,1656.0,DRREDDY,Dr. Reddy's Laboratories Limited,0.024935448069746992,21.024027375,0.18150126890302393,26.64,999.0,0.0,0,0,0.0,,,
1293.0,1136.0,KANPRPLA,Kanpur Plastipack Limited,0.041517654175708456,7.559196,0.10867619520140567,68.12,45.006570302233904,1.0,0,0,0.0,,,
1294.0,1138.0,ORCHASP,Orchasp Limited,0.04150911550591335,7.559196,0.10865384446498194,18.48,999.0,0.0,0,0,0.0,,,
1295.0,1400.0,KSCL,Kaveri Seed Company Limited,0.03158637485218345,13.022884999999999,0.14242327468044952,60.5,999.0,0.0,0,0,0.0,,,
1296.0,1406.0,MAHEPC,Mahindra EPC Irrigation Limited,0.03148474339235126,13.022884999999999,0.14196501742910006,54.2,999.0,0.0,0,0,0.0,,,
1297.0,1234.0,KRBL,KRBL Limited,0.03797066149168666,8.95025,0.11767658741733303,60.17,33.5742444152431,7.0,0,0,0.0,,,
1298.0,1145.0,LANDSMILL,Landsmill Green Limited,0.04129564464761202,7.559196,0.10809506528713184,19.17,29.993429697766096,5.0,0,0,0.0,promoter_stake_declining,medium,0.0
1299.0,1660.0,TVSELECT,TVS Electronics Limited,0.024755541505977897,21.024027375,0.18019175685749186,59.77,999.0,0.0,0,0,0.0,,,
1300.0,1651.0,EIHAHOTELS,EIH Associated Hotels Limited,0.025163627269660226,20.3466881,0.17726174970704697,75.0,999.0,0.0,0,0,0.0,,,
1301.0,1293.0,POWERICA,Powerica Limited,0.03557055595206645,10.177391025,0.12534909986050055,77.18,999.0,0.0,1,1,0.0,lockin_expiry_aif_vcf_6m; lockin_expiry_non_promoter_6m; lockin_expiry_promoter_excess_6m,high,56.0
1302.0,1294.0,RUBFILA,Rubfila International Limited,0.035553701405393046,10.177391025,0.1252897051674034,58.27,999.0,0.0,0,0,0.0,,,
1303.0,615.0,DLINKINDIA,D-Link (India) Limited,0.059218922525166806,3.6568521,0.07501122106978199,51.02,12.187910643889618,3.0,0,0,0.0,,,
1304.0,1297.0,SHADOWFAX,Shadowfax Technologies Limited,0.03546919225206927,10.177391025,0.12499189856822111,16.59,999.0,0.0,1,1,0.0,,,
1305.0,1409.0,OPTIEMUS,Optiemus Infracom Limited,0.03133092235997732,13.022884999999999,0.1412714368821729,72.17,999.0,0.0,0,0,0.0,,,
1306.0,1833.0,INDUSINDBK,IndusInd Bank Limited,0.019429389350291038,33.597983475,0.2259967779658221,15.82,999.0,0.0,0,0,0.0,,,
1307.0,1292.0,LEXUS,Lexus Granito (India) Limited,0.03561320683624234,9.9653592,0.12288534842573924,53.12,48.98160315374507,1.0,0,0,0.0,,,
1308.0,1390.0,JTEKTINDIA,Jtekt India Limited,0.03178763975031768,12.499423697,0.1375704835907951,74.98,48.02890932982917,6.0,0,0,0.0,,,
1309.0,1616.0,BEDMUTHA,Bedmutha Industries Limited,0.02609898410739018,18.516034949999998,0.16731089079156897,57.05,999.0,0.0,0,0,0.0,,,
1310.0,287.0,MITTAL,Mittal Life Style Limited,0.08101655319306153,1.91701872,0.05382586190728725,34.05,12.02365308804205,8.0,0,0,0.0,,,
1311.0,1153.0,KPEL,K.P. Energy Limited,0.04076991075108063,7.559196,0.10671890951200931,45.44,999.0,0.0,0,0,0.0,,,
1312.0,1962.0,ASHOKA,Ashoka Buildcon Limited,0.015506785467863451,52.1158579,0.27977676028258347,54.48,103.54796320630749,1.0,0,0,0.0,,,
1313.0,1155.0,NTPCGREEN,NTPC Green Energy Limited,0.040711536718886845,7.559196,0.10656611023075568,89.01,999.0,0.0,0,0,0.0,,,
1314.0,683.0,AGARIND,Agarwal Industrial Corporation Limited,0.05694000172972626,3.8531098999999998,0.0759930991387853,57.2,45.006570302233904,7.0,0,0,0.0,,,
1315.0,760.0,SUPREME,Supreme Holdings & Hospitality (India) Limited,0.053487057688241545,4.36,0.08077039396466937,58.17,999.0,0.0,0,0,0.0,,,
1316.0,1321.0,PIDILITIND,Pidilite Industries Limited,0.03478647930265012,10.2980543,0.12403912109929928,69.32,15.177398160315374,3.0,0,0,0.0,,,
1317.0,764.0,SUMEETINDS,Sumeet Industries Limited,0.05332127165369221,4.36,0.08052004175044888,89.83,27.003942181340342,2.0,0,0,0.0,promoter_stake_declining,medium,0.0
1318.0,1842.0,CGPOWER,CG Power and Industrial Solutions Limited,0.01920529417728595,33.597983475,0.22339017072028433,56.36,999.0,0.0,0,0,0.0,,,
1319.0,587.0,JAIPURKURT,Nandani Creation Limited,0.06045311186634426,3.389464,0.07097873299766025,41.31,24.540078843626805,6.0,0,0,0.0,,,
1320.0,1545.0,INDIGOPNTS,Indigo Paints Limited,0.028117301140266285,15.6519503,0.15237158159668862,53.88,64.88173455978975,2.0,0,0,0.0,,,
1321.0,523.0,VENUSPIPES,Venus Pipes & Tubes Limited,0.06368554777169246,3.0311156,0.066873588874763,48.41,20.992115637319316,1.0,0,0,0.0,,,
1322.0,1438.0,GPPL,Gujarat Pipavav Port Limited,0.030674404491177927,13.022884999999999,0.13831119135864534,44.01,999.0,0.0,0,0,0.0,,,
1323.0,1440.0,UGROCAP,Ugro Capital Limited,0.030647396751333447,13.022884999999999,0.1381894131942194,1.99,999.0,0.0,0,0,0.0,,,
1324.0,1218.0,ALANKIT,Alankit Limited,0.03865835628488293,8.149351756,0.10908963253048669,54.15,49.60578186596583,6.0,0,0,0.0,,,
1325.0,1173.0,NIITMTS,NIIT Learning Systems Limited,0.04005369387048616,7.559196,0.10484414738810378,34.1,999.0,0.0,0,0,0.0,,,
1326.0,1175.0,MUKKA,Mukka Proteins Limited,0.04004774205298644,7.559196,0.10482856797030563,73.33,999.0,0.0,0,0,0.0,,,
1327.0,780.0,IRIS,IRIS RegTech Solutions Limited,0.0527255223429556,4.36,0.07962040530357521,34.63,36.038107752956634,1.0,0,0,0.0,,,
1328.0,452.0,SOLARINDS,Solar Industries India Limited,0.06765222031719714,2.6451193,0.061998855712053026,73.15,3.7450722733245727,2.0,0,0,0.0,,,
1329.0,1636.0,BIRLAMONEY,Aditya Birla Money Limited,0.025523270604817138,18.516034949999998,0.1636202054162346,73.53,999.0,0.0,0,0,0.0,,,
1330.0,1638.0,ARCHIDPLY,Archidply Industries Limited,0.02550555774393524,18.516034949999998,0.1635066548458207,69.89,999.0,0.0,0,0,0.0,,,
1331.0,1687.0,ASAL,Automotive Stampings and Assemblies Limited,0.023918659453965475,21.024027375,0.17410022186932742,75.0,999.0,0.0,0,0,0.0,,,
1332.0,1456.0,VADILALIND,Vadilal Industries Limited,0.030357385939777836,13.022884999999999,0.13688175159431187,64.73,999.0,0.0,0,0,0.0,,,
1333.0,1178.0,NORBTEAEXP,Norben Tea & Exports Limited,0.03980457265960486,7.559196,0.10419205020486777,38.89,15.14454664914586,1.0,0,0,0.0,,,
1334.0,463.0,SAKSOFT,Saksoft Limited,0.06701236680416649,2.66,0.061757679177294626,66.71,39.02759526938239,7.0,0,0,0.0,,,
1335.0,1674.0,GANESHHOU,GANESH HOUSING LIMITED,0.024201952190855292,20.3466881,0.17048736041523935,73.06,999.0,0.0,0,0,0.0,,,
1336.0,1676.0,DONEAR,Donear Industries Limited,0.024189913459690984,20.3466881,0.17040255521098283,74.56,999.0,0.0,0,0,0.0,,,
1337.0,1182.0,MVGJL,Manoj Vaibhav Gems N Jewellers Limited,0.03968604641504651,7.559196,0.10388179709577834,74.27,999.0,0.0,0,0,0.0,,,
1338.0,1677.0,GLOBUSSPR,Globus Spirits Limited,0.024166201602284294,20.3466881,0.17023552025661512,50.58,999.0,0.0,0,0,0.0,,,
1339.0,1466.0,CREST,Crest Ventures Limited,0.030149388633580174,13.022884999999999,0.1359438896961987,69.75,999.0,0.0,0,0,0.0,,,
1340.0,1678.0,GLOBALVECT,Global Vectra Helicorp Limited,0.024120195320397025,20.3466881,0.16991143526133762,75.0,999.0,0.0,0,0,0.0,,,
1341.0,1646.0,ALKYLAMINE,Alkyl Amines Chemicals Limited,0.0252474426572674,18.516034949999998,0.1618519749203706,72.05,999.0,0.0,0,0,0.0,,,
1342.0,170.0,INDOUS,Indo Us Biotech Limited,0.0967552685779574,1.26,0.04227569554742181,68.29,3.0223390275952693,2.0,0,0,0.0,,,
1343.0,536.0,MHLXMIRU,Mahalaxmi Rubtech Limited,0.06307027179933863,2.9501178,0.06445903377401666,64.8,39.02759526938239,5.0,0,0,0.0,,,
1344.0,1197.0,PARKHOTELS,Apeejay Surrendra Park Hotels Limited,0.039293009889680604,7.559196,0.10285298862863382,68.22,999.0,0.0,0,0,0.0,,,
1345.0,1696.0,JAYBARMARU,Jay Bharat Maruti Limited,0.02352452556386132,21.024027375,0.17123138225708157,59.35,999.0,0.0,0,0,0.0,,,
1346.0,1478.0,POWERGRID,Power Grid Corporation of India Limited,0.0298575750578789,13.022884999999999,0.13462809941503848,51.34,999.0,0.0,0,0,0.0,,,
1347.0,557.0,HIKAL,Hikal Limited,0.06186867070664298,3.0231914,0.06479604247190619,68.85,6.898817345597897,2.0,0,0,0.0,,,
1348.0,1485.0,MAHLOG,Mahindra Logistics Limited,0.02976371630743588,13.022884999999999,0.1342048893867251,59.58,999.0,0.0,0,0,0.0,,,
1349.0,1487.0,ADSL,Allied Digital Services Limited,0.02970754679764858,13.022884999999999,0.13395162051498719,51.07,999.0,0.0,0,0,0.0,,,
1350.0,783.0,TTKPRESTIG,TTK Prestige Limited,0.05258053926107022,4.14888,0.07555859133008523,70.52,21.879106438896187,5.0,0,0,0.0,,,
1351.0,816.0,GALAPREC,Gala Precision Engineering Limited,0.051277569334122385,4.36,0.07743386261417434,54.99,999.0,0.0,0,0,0.0,promoter_stake_declining,medium,0.0
1352.0,1658.0,AVTNPL,AVT Natural Products Limited,0.024858672606779087,18.516034949999998,0.15935971456293144,75.0,999.0,0.0,0,0,0.0,,,
1353.0,1463.0,AJMERA,Ajmera Realty & Infra India Limited,0.03023303620958599,12.4490205,0.13031494999075663,68.23,84.46123521681997,27.0,0,0,0.0,,,
1354.0,1690.0,IMPAL,India Motor Parts and Accessories Limited,0.02363305395617393,20.3466881,0.16647983417889042,33.81,999.0,0.0,0,0,0.0,,,
1355.0,1804.0,APOLLOTYRE,Apollo Tyres Limited,0.02031261004051489,27.345711525,0.1923052869481707,36.93,57.75295663600525,6.0,0,0,0.0,,,
1356.0,745.0,ASHAPURMIN,Ashapura Minechem Limited,0.053864725196690964,3.8884896,0.0725485039303867,48.03,3.1537450722733245,1.0,0,0,0.0,,,
1357.0,226.0,VCL,Vaxtex Cotfab Limited,0.08668829856705879,1.4918306,0.044834270605981406,0.5,5.978975032851511,13.0,0,0,0.0,,,
1358.0,1220.0,JYOTICNC,Jyoti CNC Automation Limited,0.03847039816232607,7.559196,0.10069972842085327,62.55,999.0,0.0,0,0,0.0,,,
1359.0,1667.0,COUNCODOS,Country Condo's Limited,0.024549942196800914,18.516034949999998,0.15738055860439482,53.86,999.0,0.0,0,0,0.0,,,
1360.0,1499.0,JKIL,J.Kumar Infraprojects Limited,0.02926709594642696,13.022884999999999,0.13196562329750536,46.65,999.0,0.0,0,0,0.0,,,
1361.0,836.0,EUROBOND,Euro Panel Products Limited,0.050460161536311166,4.36,0.07619950139273966,63.93,999.0,0.0,0,0,0.0,,,
1362.0,586.0,WORTHPERI,Worth Peripherals Limited,0.0605029503975528,3.0311156,0.06353167354547824,68.16,17.969776609724047,1.0,0,0,0.0,,,
1363.0,1701.0,ENIL,Entertainment Network (India) Limited,0.023329647672872985,20.3466881,0.16434252988354017,71.15,999.0,0.0,0,0,0.0,,,
1364.0,1703.0,IGL,Indraprastha Gas Limited,0.023308975084295656,20.3466881,0.16419690464505918,45.0,999.0,0.0,0,0,0.0,,,
1365.0,1704.0,GOACARBON,Goa Carbon Limited,0.02330867655405253,20.3466881,0.16419480168936562,59.72,999.0,0.0,0,0,0.0,,,
1366.0,1706.0,ECLERX,eClerx Services Limited,0.023282276092309793,20.3466881,0.16400882722743923,54.52,999.0,0.0,0,0,0.0,,,
1367.0,1107.0,MANAKSIA,Manaksia Limited,0.04234966170411811,6.1407,0.090058038953058,74.93,39.02759526938239,11.0,0,0,0.0,,,
1368.0,1357.0,RAINBOW,Rainbow Childrens Medicare Limited,0.03282449734539193,10.177391025,0.115672108166171,49.84,999.0,0.0,0,0,0.0,,,
1369.0,1988.0,SAREGAMA,Saregama India Limited,0.013726854966213155,58.0244888,0.2757404645148974,60.84,111.07095926412615,1.0,0,0,0.0,,,
1370.0,919.0,MAGNUM,Magnum Ventures Limited,0.04813015209494389,4.703125,0.07839801653432425,55.21,22.207621550591327,5.0,0,0,0.0,,,
1371.0,1359.0,PRAKASHSTL,Prakash Steelage Limited,0.032715753417566454,10.177391025,0.11528889927040376,33.56,51.01839684625492,2.0,0,0,0.0,,,
1372.0,1718.0,EXIDEIND,Exide Industries Limited,0.023031279015446268,20.3466881,0.16224071245847557,45.99,999.0,0.0,0,0,0.0,,,
1373.0,1521.0,VSTIND,VST Industries Limited,0.028745763685200293,13.022884999999999,0.12961493100730312,32.16,999.0,0.0,0,0,0.0,,,
1374.0,602.0,MKPL,M K Proteins Limited,0.059957904487206504,2.9922048,0.06215170171611107,74.82,27.135348226018397,4.0,0,0,0.0,,,
1375.0,1680.0,BAGFILMS,B.A.G Films and Media Limited,0.02409971987992263,18.516034949999998,0.15449435059793756,49.37,999.0,0.0,0,0,0.0,,,
1376.0,1277.0,HINDOILEXP,Hindustan Oil Exploration Company Limited,0.03613139283229112,8.22,0.10284248520715264,0.0,20.992115637319316,5.0,0,0,0.0,,,
1377.0,908.0,TIIL,Technocraft Industries (India) Limited,0.04867164408524269,4.521599999999999,0.07622149756097331,74.75,21.616294349540077,8.0,0,0,0.0,,,
1378.0,1524.0,PFS,PTC India Financial Services Limited,0.02865068246316099,13.022884999999999,0.12918620884254603,64.99,999.0,0.0,0,0,0.0,,,
1379.0,1247.0,KEEPLEARN,DSJ Keep Learning Limited,0.03758534307141216,7.559196,0.09838301709084671,55.42,12.02365308804205,2.0,0,0,0.0,,,
1380.0,1725.0,HTMEDIA,HT Media Limited,0.022889949355941335,20.3466881,0.16124513489484066,69.5,999.0,0.0,0,0,0.0,,,
1381.0,1873.0,SHREECEM,SHREE CEMENT LIMITED,0.018168406308999036,32.2806266,0.20304383747325921,62.55,62.74638633377135,5.0,0,0,0.0,,,
1382.0,1997.0,BFUTILITIE,BF Utilities Limited,0.012798372101472744,64.99,0.2879503908943142,56.72,103.90932982917214,4.0,0,0,0.0,,,
1383.0,1252.0,MUFTI,Credo Brands Marketing Limited,0.03745572121528908,7.559196,0.09804372022020025,55.01,999.0,0.0,0,0,0.0,,,
1384.0,1728.0,ELECON,Elecon Engineering Company Limited,0.022812362176929564,20.3466881,0.16069858256519928,59.27,999.0,0.0,0,0,0.0,,,
1385.0,1529.0,ICRA,ICRA Limited,0.028476304656414934,13.022884999999999,0.1283999375979163,51.87,999.0,0.0,0,0,0.0,,,
1386.0,877.0,CEIGALL,Ceigall India Limited,0.0491337075112135,4.36,0.07419643338313568,82.06,999.0,0.0,0,0,0.0,,,
1387.0,1978.0,HIMATSEIDE,Himatsingka Seide Limited,0.014799020502408531,47.936005449999996,0.2455932062352765,37.48,69.87516425755584,2.0,0,0,0.0,,,
1388.0,1790.0,NAVA,NAVA LIMITED,0.020816175077801664,24.2277,0.17460384268558804,50.11,45.006570302233904,2.0,0,0,0.0,,,
1389.0,1733.0,GRINDWELL,Grindwell Norton Limited,0.02268297574037353,20.3466881,0.15978713741118783,58.03,999.0,0.0,0,0,0.0,,,
1390.0,880.0,STANLEY,Stanley Lifestyles Limited,0.048998145605073824,4.36,0.07399172239250083,56.7,999.0,0.0,0,0,1.0,trading_plan_disclosed,very_high,56.0
1391.0,1821.0,OIL,Oil India Limited,0.019714004934481652,26.884316,0.18348928402190043,56.66,76.87253613666228,8.0,0,0,0.0,,,
1392.0,158.0,VSTL,Vibhor Steel Tubes Limited,0.09835847877835621,1.0719,0.036571437321771205,74.62,3.515111695137976,1.0,0,0,0.0,,,
1393.0,1735.0,INDHOTEL,The Indian Hotels Company Limited,0.0225608457915659,20.3466881,0.15892680959813937,38.12,51.01839684625492,1.0,0,0,0.0,,,
1394.0,906.0,DYNPRO,Dynemic Products Limited,0.048690650912494124,4.36,0.07352737702494536,29.42,33.14717477003942,1.0,0,0,0.0,,,
1395.0,1739.0,JSWHL,JSW Holdings Limited,0.02250883175237934,20.3466881,0.15856040377370337,66.29,999.0,0.0,0,0,0.0,,,
1396.0,1692.0,AMBIKCO,Ambika Cotton Mills Limited,0.023571291309839572,18.516034949999998,0.15110679135745061,50.35,999.0,0.0,0,0,0.0,,,
1397.0,1127.0,BANSWRAS,Banswara Syntex Limited,0.04189559059985911,5.854044999,0.08493496424546182,54.19,29.993429697766096,4.0,0,0,0.0,,,
1398.0,1695.0,COLPAL,Colgate Palmolive (India) Limited,0.023543057706981875,18.516034949999998,0.15092579621890656,51.0,999.0,0.0,0,0,0.0,,,
1399.0,647.0,TFL,Transwarranty Finance Limited,0.05811223811732586,3.0311156,0.061021284363950205,53.99,3.0223390275952693,2.0,0,0,0.0,,,
1400.0,1698.0,CARERATING,CARE Ratings Limited,0.023499219096239487,18.516034949999998,0.150644763172402,0.0,999.0,0.0,0,0,0.0,,,
1401.0,1325.0,SMSPHARMA,SMS Pharmaceuticals Limited,0.03460160034590165,8.51973,0.10207844523909733,68.07,48.02890932982917,2.0,0,0,0.0,,,
1402.0,1397.0,PPLPHARMA,Piramal Pharma Limited,0.03160867132387536,10.177391025,0.11138758988117575,34.86,999.0,0.0,0,0,0.0,,,
1403.0,1556.0,TITAN,Titan Company Limited,0.02790925743504046,13.022884999999999,0.12584311610306154,52.9,999.0,0.0,0,0,0.0,,,
1404.0,509.0,MANGALAM,Mangalam Drugs And Organics Limited,0.06456280630009208,2.4330328800000003,0.05442740268661444,35.65,5.978975032851511,2.0,0,0,0.0,,,
1405.0,921.0,HDFCLIFE,HDFC Life Insurance Company Limited,0.04810049938861033,4.337135,0.07225545878586172,50.21,33.63994743758213,3.0,0,0,0.0,,,
1406.0,1749.0,GABRIEL,Gabriel India Limited,0.02219105766717618,20.3466881,0.15632188745206857,63.55,999.0,0.0,0,0,0.0,,,
1407.0,927.0,ISFT,Intrasoft Technologies Limited,0.0479116566080739,4.36,0.07235102372409652,43.06,27.628120893561103,1.0,0,0,0.0,,,
1408.0,929.0,NEULANDLAB,Neuland Laboratories Limited,0.04785964018413576,4.36,0.072272474122834,32.63,29.993429697766096,1.0,0,0,0.0,,,
1409.0,1566.0,TECHM,Tech Mahindra Limited,0.027681779673983248,13.022884999999999,0.12481741664250741,34.97,999.0,0.0,0,0,0.0,,,
1410.0,1753.0,HGM,HandsOn Global Management (HGM) Limited,0.02212919387076798,20.3466881,0.1558860963525851,50.42,999.0,0.0,0,0,0.0,,,
1411.0,1710.0,BLKASHYAP,B. L. Kashyap and Sons Limited,0.023194352516133526,18.516034949999998,0.14869037679168212,61.72,999.0,0.0,0,0,0.0,,,
1412.0,933.0,IITL,Industrial Investment Trust Limited,0.04778114721739584,4.36,0.07215394249815589,56.46,27.003942181340342,1.0,0,0,0.0,,,
1413.0,1711.0,3MINDIA,3M India Limited,0.023169130712810272,18.516034949999998,0.14852868918100656,75.0,999.0,0.0,0,0,0.0,,,
1414.0,1754.0,ICIL,Indo Count Industries Limited,0.022081938545015237,20.3466881,0.15555321263768412,58.74,999.0,0.0,0,0,0.0,,,
1415.0,1416.0,RUSTOMJEE,Keystone Realtors Limited,0.031216640442472486,10.177391025,0.11000609002023488,74.59,999.0,0.0,0,0,0.0,,,
1416.0,1418.0,SAHYADRI,Sahyadri Industries Limited,0.031182850873388845,10.177391025,0.10988701704102657,71.12,999.0,0.0,0,0,0.0,,,
1417.0,1572.0,NELCAST,Nelcast Limited,0.02755710452569302,13.022884999999999,0.12425525517339733,74.87,999.0,0.0,0,0,0.0,,,
1418.0,673.0,AARNAV,Aarnav Fashions Limited,0.05709117286527925,3.0311156,0.0599491055059704,66.53,999.0,0.0,0,0,0.0,,,
1419.0,684.0,TCC,TCC Concept Limited,0.05691921749767019,3.0311156,0.05976854220769242,45.69,999.0,0.0,0,0,0.0,,,
1420.0,1586.0,PURVA,Puravankara Limited,0.027335853475389155,13.022884999999999,0.12325763201283427,75.0,999.0,0.0,0,0,0.0,,,
1421.0,522.0,SONAMLTD,SONAM LIMITED,0.06371889448463061,2.3925,0.05282188986438671,57.55,17.969776609724047,5.0,0,0,0.0,,,
1422.0,690.0,ZODIAC,Zodiac Energy Limited,0.056577675502840055,3.0311156,0.05940990292853262,69.97,21.353482260183966,1.0,0,0,0.0,,,
1423.0,969.0,ASIANHOTNR,Asian Hotels (North) Limited,0.047095655525247436,4.36,0.07111878677212861,0.0,15.013140604467806,3.0,0,0,0.0,,,
1424.0,600.0,GUJAPOLLO,Gujarat Apollo Industries Limited,0.05997397097688212,2.68226,0.055733347438104194,47.3,20.992115637319316,8.0,0,0,0.0,,,
1425.0,1730.0,AIAENG,AIA Engineering Limited,0.022774162272270738,18.516034949999998,0.14599669324778117,58.5,999.0,0.0,0,0,0.0,,,
1426.0,1592.0,KAJARIACER,Kajaria Ceramics Limited,0.027102162060512473,13.022884999999999,0.12220391512613228,47.69,999.0,0.0,0,0,0.0,,,
1427.0,1439.0,RHL,Robust Hotels Limited,0.0306542387309078,10.177391025,0.1080242107265956,65.63,999.0,0.0,0,0,0.0,,,
1428.0,1442.0,STARTECK,Starteck Finance Limited,0.03058134842398441,10.177391025,0.10776734843932309,73.3,999.0,0.0,0,0,0.0,,,
1429.0,974.0,MAANALU,Maan Aluminium Limited,0.046915879979952814,4.282283,0.06958508093662782,55.82,24.901445466491456,8.0,0,0,0.0,,,
1430.0,1002.0,THELEELA,Leela Palaces Hotels & Resorts Limited,0.046495601366245524,4.36,0.07021264960703685,75.91,999.0,0.0,0,0,0.0,,,
1431.0,1601.0,PETRONET,Petronet LNG Limited,0.026900180686400727,13.022884999999999,0.1212931791249269,50.0,999.0,0.0,0,0,0.0,,,
1433.0,1737.0,BAYERCROP,Bayer Cropscience Limited,0.02254916762821336,18.516034949999998,0.14455433617496652,,999.0,0.0,0,0,0.0,,,
1432.0,1736.0,ABBOTINDIA,Abbott India Limited,0.02254916762821336,18.516034949999998,0.14455433617496652,,999.0,0.0,0,0,0.0,,,
1434.0,1455.0,RAMRAT,Ram Ratna Wires Limited,0.030375734586861217,10.177391025,0.10704277417523267,69.3,999.0,0.0,0,0,0.0,,,
1435.0,1041.0,SPIC,Southern Petrochemicals Industries Corporation  Limited,0.04489999344170232,4.6412656000000005,0.07217498051861261,53.38,10.151116951379763,4.0,0,0,0.0,,,
1436.0,1460.0,SELMC,SEL Manufacturing Company Limited,0.03029965020972932,10.177391025,0.10677465612276865,75.0,999.0,0.0,0,0,0.0,,,
1437.0,1461.0,SUKHJITS,Sukhjit Starch & Chemicals Limited,0.03028673329995517,10.177391025,0.10672913749170337,66.07,999.0,0.0,0,0,0.0,,,
1438.0,422.0,HIRECT,Hind Rectifiers Limited,0.06923377277099384,1.946145,0.04669568566352843,43.93,9.198423127463863,1.0,0,0,0.0,promoter_stake_declining,medium,0.0
1439.0,1134.0,NITCO,Nitco Limited,0.04156837913235603,5.397369082000001,0.07769997711654869,20.17,20.992115637319316,5.0,0,0,0.0,,,
1440.0,1309.0,OMPOWER,Om Power Transmission Limited,0.035072126686265415,7.559196,0.09180444708543001,,999.0,0.0,1,1,0.0,lockin_expiry_aif_vcf_6m; lockin_expiry_non_promoter_6m; lockin_expiry_promoter_excess_6m,high,71.0
1441.0,869.0,ALMONDZ,Almondz Global Securities Limited,0.04954996368958133,3.7847145600000003,0.0649570287243889,51.18,20.992115637319316,6.0,0,0,0.0,,,
1442.0,193.0,SALZERELEC,Salzer Electronics Limited,0.09085960876435635,1.12456355,0.035439691337849286,37.48,9.494086727989487,2.0,0,0,0.0,,,
1443.0,1912.0,SOMANYCERA,Somany Ceramics Limited,0.01709257689398097,31.749,0.18787504713873615,55.2,54.106438896189225,1.0,0,0,0.0,,,
1444.0,1465.0,SANSERA,Sansera Engineering Limited,0.030156305203251462,10.177391025,0.10626951452319089,30.1,999.0,0.0,0,0,0.0,promoter_stake_declining,medium,0.0
1445.0,1467.0,SHRIRAMPPS,Shriram Properties Limited,0.0301426153741563,10.177391025,0.10622127215788642,27.89,999.0,0.0,0,0,0.0,,,
1446.0,527.0,PAR,Par Drugs And Chemicals Limited,0.06359767714138143,2.280020397,0.05024502435898126,73.41,20.992115637319316,3.0,0,0,0.0,,,
1447.0,1787.0,YESBANK,Yes Bank Limited,0.020913434057962286,21.024027375,0.15222565113017383,0.0,999.0,0.0,0,0,0.0,,,
1448.0,1471.0,RELCHEMQ,Reliance Chemotex Industries Limited,0.0300566778797323,10.177391025,0.10591843214647835,67.68,999.0,0.0,0,0,0.0,,,
1449.0,1012.0,ABINFRA,A B Infrabuild Limited,0.04579174535843236,4.36,0.06914976206932946,30.95,999.0,0.0,0,0,0.0,,,
1450.0,1746.0,BEPL,Bhansali Engineering Polymers Limited,0.02221240478258067,18.516034949999998,0.14239547468608751,57.47,999.0,0.0,0,0,0.0,,,
1451.0,1475.0,PDMJEPAPER,Pudumjee Paper Products Limited,0.02990292295848765,10.177391025,0.10537660645775111,71.55,999.0,0.0,0,0,0.0,,,
1452.0,801.0,BHARATRAS,Bharat Rasayan Limited,0.05168344323097699,3.40515,0.060962808896039,74.99,12.12220762155059,14.0,0,0,0.0,,,
1453.0,1781.0,HONDAPOWER,Honda India Power Products Limited,0.02111596490346591,20.3466881,0.14874854270528637,66.67,999.0,0.0,0,0,0.0,,,
1454.0,1610.0,63MOONS,63 moons technologies limited,0.026369300231094756,13.022884999999999,0.11889943393376902,45.63,999.0,0.0,0,0,0.0,,,
1455.0,562.0,OSWALSEEDS,ShreeOswal Seeds And Chemicals Limited,0.06161199215943909,2.3791025,0.050789550211632624,66.63,20.992115637319316,4.0,0,0,0.0,,,
1456.0,1481.0,SALONA,Salona Cotspin Limited,0.02976763993026391,10.177391025,0.10489987492065904,68.42,999.0,0.0,0,0,0.0,,,
1457.0,1484.0,SUPRIYA,Supriya Lifescience Limited,0.0297646077229509,10.177391025,0.10488918955330666,68.3,999.0,0.0,0,0,0.0,,,
1458.0,1756.0,AUTOAXLES,Automotive Axles Limited,0.02205893976540628,18.516034949999998,0.14141166747646053,71.04,999.0,0.0,0,0,0.0,,,
1459.0,735.0,BONLON,Bonlon Industries Limited,0.0542792349369958,3.0311156,0.05699640450021783,71.21,999.0,0.0,0,0,0.0,,,
1460.0,1036.0,PNB,Punjab National Bank,0.04513803174951097,4.36,0.06816259418209206,70.08,21.090670170827856,1.0,0,0,0.0,,,
1461.0,1615.0,PVRINOX,PVR INOX Limited,0.026105006083659794,13.022884999999999,0.11770772902515832,27.53,999.0,0.0,0,0,0.0,,,
1462.0,1063.0,SPENCERS,Spencer's Retail Limited,0.044130559846101126,4.53656705,0.06933865413612313,58.81,33.18002628120893,2.0,0,0,0.0,,,
1463.0,1040.0,AMBICAAGAR,Ambica Agarbathies & Aroma industries Limited,0.044918733936220846,4.36,0.0678314342428358,43.41,27.003942181340342,3.0,0,0,0.0,,,
1464.0,353.0,MINDACORP,Minda Corporation Limited,0.07448982284410116,1.5827361,0.040869517901777,64.84,15.374507227332456,1.0,0,0,0.0,,,
1465.0,1496.0,SDBL,Som Distilleries & Breweries Limited,0.029372548438383304,10.177391025,0.10350758960084246,39.44,999.0,0.0,0,0,0.0,,,
1466.0,1859.0,RECLTD,REC Limited,0.018625602885132788,25.133733,0.16207148794365403,52.63,87.12220762155059,7.0,0,0,0.0,,,
1467.0,1500.0,SBICARD,SBI Cards and Payment Services Limited,0.029265069944721535,10.177391025,0.1031288400403065,68.92,999.0,0.0,0,0,0.0,,,
1468.0,377.0,SMLT,Sarthak Metals Limited,0.07257093380180715,1.6516520000000001,0.04154804899269421,68.81,10.348226018396845,2.0,0,0,0.0,,,
1469.0,1336.0,LICI,Life Insurance Corporation Of India,0.03390338278268063,7.559196,0.08874515476441185,96.5,999.0,0.0,0,0,0.0,,,
1470.0,1506.0,SCHAND,S Chand And Company Limited,0.02905540338310504,10.177391025,0.10238998415048318,46.99,999.0,0.0,0,0,0.0,,,
1471.0,612.0,SREEL,Sreeleathers Limited,0.059347288572554516,2.4296202,0.04996053095637482,75.0,18.232588699080157,3.0,0,0,0.0,,,
1472.0,1635.0,THEMISMED,Themis Medicare Limited,0.025537725211368982,13.022884999999999,0.11514985399602516,67.11,999.0,0.0,0,0,0.0,,,
1473.0,1818.0,FEDERALBNK,The Federal Bank  Limited,0.01981031501298359,21.60858,0.1482050420773001,0.0,75.22996057818659,2.0,0,0,0.0,,,
1474.0,1512.0,PKTEA,The Peria Karamalai Tea & Produce Company Limited,0.028857463285949538,10.177391025,0.10169245181395807,66.33,999.0,0.0,0,0,0.0,,,
1475.0,547.0,SERVOTECH,Servotech Renewable Power System Limited,0.06256173777357052,2.15472,0.046712876998908415,58.61,18.659658344283837,5.0,0,0,0.0,,,
1476.0,1518.0,SYNCOMF,Syncom Formulations (India) Limited,0.028767183927059865,10.177391025,0.101374311260067,50.57,999.0,0.0,0,0,0.0,,,
1477.0,345.0,BAIDFIN,Baid Finserv Limited,0.07510178926517112,1.490625,0.03881050653600285,47.39,16.26149802890933,1.0,0,0,0.0,,,
1478.0,1349.0,KIRLPNU,Kirloskar Pneumatic Company Limited,0.0333014268095856,7.559196,0.08716948084608621,38.81,999.0,0.0,0,0,0.0,,,
1479.0,1647.0,TRENT,Trent Limited,0.025246093466236262,13.022884999999999,0.11383488359068582,37.01,999.0,0.0,0,0,1.0,trading_plan_disclosed,very_high,-339.0
1480.0,787.0,TRAVELFOOD,Travel Food Services Limited,0.05232365411006415,3.0311156,0.054942929060226006,86.19,999.0,0.0,0,0,0.0,,,
1481.0,1782.0,BEML,BEML Limited,0.02108653305771518,18.516034949999998,0.1351779293429741,54.03,999.0,0.0,0,0,0.0,,,
1482.0,1785.0,ASTRAZEN,AstraZeneca Pharma India Limited,0.021045233094761005,18.516034949999998,0.1349131706242788,75.0,999.0,0.0,0,0,0.0,,,
1483.0,639.0,VISHWARAJ,Vishwaraj Sugar Industries Limited,0.05835487566043914,2.403,0.04858732219683855,29.05,21.28777923784494,3.0,0,0,0.0,,,
1484.0,1811.0,HAVISHA,Sri Havisha Hospitality and Infrastructure Limited,0.02005037169554125,20.3466881,0.14124211628716762,33.99,999.0,0.0,0,0,0.0,,,
1485.0,1823.0,ACC,ACC Limited,0.019670815822314835,21.024027375,0.1431808252300657,56.69,999.0,0.0,0,0,0.0,,,
1486.0,1822.0,SWARAJENG,Swaraj Engines Limited,0.019712965755269006,20.93064,0.14285033072635098,52.11,45.105124835742444,3.0,0,0,0.0,,,
1487.0,1813.0,IIFL,IIFL Finance Limited,0.019979277887286682,20.3466881,0.140741305624639,24.85,999.0,0.0,0,0,0.0,,,
1488.0,799.0,BVCL,Barak Valley Cements Limited,0.05170897302062319,3.0311156,0.05429747758963918,54.12,9.00131406044678,1.0,0,0,0.0,promoter_stake_declining,medium,0.0
1489.0,511.0,GANDHITUBE,Gandhi Special Tubes Limited,0.06435228070561484,1.9459,0.043397837135041306,73.53,9.132720105124836,8.0,0,0,0.0,,,
1490.0,1789.0,BALAJITELE,Balaji Telefilms Limited,0.020817406775697666,18.516034949999998,0.13345266073502765,31.32,999.0,0.0,0,0,0.0,,,
1491.0,812.0,VAML,Vedanta Aluminium Metal Limited,0.05138491340808931,3.0311156,0.053957195845071415,56.38,999.0,0.0,0,0,0.0,,,
1492.0,813.0,VEDPOWER,Vedanta Power Limited,0.05138491340808931,3.0311156,0.053957195845071415,56.38,999.0,0.0,0,0,0.0,,,
1493.0,814.0,VOGL,Vedanta Oil and Gas Limited,0.05138491340808931,3.0311156,0.053957195845071415,56.38,999.0,0.0,0,0,0.0,,,
1494.0,1793.0,BOSCH-HCIL,BOSCH HOME COMFORT INDIA LIMITED,0.020743386129553665,18.516034949999998,0.1329781418728236,82.22,999.0,0.0,0,0,0.0,promoter_stake_declining,medium,0.0
1495.0,980.0,AXISCADES,AXISCADES Technologies Limited,0.04668185833759579,3.637615,0.05881993793055124,58.05,12.02365308804205,3.0,0,0,0.0,,,
1496.0,1835.0,INDRAMEDCO,Indraprastha Medical Corporation Limited,0.01941573629231437,21.024027375,0.14132414079284308,51.0,999.0,0.0,0,0,0.0,,,
1497.0,558.0,PANACEABIO,Panacea Biotec Limited,0.061760860894465176,2.07260905,0.044359324597057465,72.48,19.38239159001314,3.0,0,0,0.0,,,
1498.0,1273.0,THEINVEST,The Investment Trust Of India Limited,0.03628416813942556,5.9707498999999995,0.07502483615883662,72.12,45.006570302233904,3.0,0,0,0.0,,,
1499.0,1799.0,ABREL,Aditya Birla Real Estate Limited,0.020595810786273063,18.516034949999998,0.1320320911743921,50.21,999.0,0.0,0,0,0.0,trading_plan_disclosed,very_high,-328.0
1500.0,1825.0,ESCORTS,Escorts Kubota Limited,0.019621394602769446,20.3466881,0.13822024550383047,68.04,54.106438896189225,1.0,0,0,0.0,,,
1501.0,1839.0,KSB,Ksb Limited,0.019295257941006616,21.024027375,0.14044719751207518,69.8,999.0,0.0,0,0,1.0,trading_plan_disclosed,very_high,-233.0
1502.0,1565.0,PNCINFRA,PNC Infratech Limited,0.027683046178382256,10.177391025,0.09755385674975078,56.07,999.0,0.0,0,0,0.0,,,
1503.0,1895.0,HINDCOPPER,Hindustan Copper Limited,0.017565334525261524,25.2678915,0.15366130366475506,66.14,106.9316688567674,3.0,0,0,0.0,,,
1504.0,1117.0,NESTLEIND,Nestle India Limited,0.042146228438708556,4.36,0.06364469503933481,62.76,999.0,0.0,0,0,0.0,,,
1505.0,1771.0,ENGINERSIN,Engineers India Limited,0.021440497996176814,16.84683,0.12505777456922468,51.32,64.45466491458606,7.0,0,0,0.0,,,
1506.0,1121.0,GPTHEALTH,GPT Healthcare Limited,0.04202381878419725,4.36,0.06345984516261165,65.57,999.0,0.0,0,0,0.0,,,
1507.0,1832.0,GAEL,Gujarat Ambuja Exports Limited,0.01945291130138632,20.3466881,0.13703338780324764,63.84,999.0,0.0,0,0,0.0,,,
1508.0,840.0,UMESLTD,Usha Martin Education & Solutions Limited,0.05036966096606982,3.0311156,0.0528911207811479,39.82,27.003942181340342,3.0,0,0,0.0,,,
1509.0,1837.0,HAVELLS,Havells India Limited,0.019408640886041034,20.3466881,0.13672153088372377,59.38,999.0,0.0,0,0,0.0,,,
1510.0,662.0,VIRINCHI,Virinchi Limited,0.057370708374202495,2.3143208405,0.04600666616972816,40.1,28.02233902759527,2.0,0,0,0.0,promoter_stake_declining,medium,0.0
1511.0,792.0,DRCSYSTEMS,DRC Systems India Limited,0.051920959196378146,2.8197,0.05072009210368108,20.63,24.540078843626805,2.0,0,0,0.0,,,
1512.0,1587.0,TASTYBITE,Tasty Bite Eatables Limited,0.02731879398117775,10.177391025,0.09627024776980338,74.23,999.0,0.0,0,0,0.0,,,
1513.0,1806.0,ARENTERP,Rajdarshan Industries Limited,0.020218720358890566,18.516034949999998,0.12961470454145899,63.66,53.975032851511166,1.0,0,0,0.0,,,
1514.0,744.0,KSOLVES,Ksolves India Limited,0.053926439823463755,2.5968384,0.048518751297981166,58.92,45.006570302233904,9.0,0,0,0.0,,,
1515.0,1399.0,LOYALTEX,Loyal Textile Mills Limited,0.03159249727237266,7.559196,0.08269620402785344,73.49,999.0,0.0,0,0,0.0,,,
1516.0,656.0,BALAXI,BALAXI PHARMACEUTICALS LIMITED,0.05761811995168667,2.266275,0.04524673633408073,65.99,26.642575558475688,4.0,0,0,0.0,,,
1517.0,699.0,REMSONSIND,Remsons Industries Limited,0.05597571552035678,2.39903385,0.04652953578559947,65.52,1.0840998685939554,3.0,0,0,0.0,promoter_stake_declining,medium,0.0
1518.0,1590.0,SATIA,Satia Industries Limited,0.027145921426879143,10.177391025,0.0956610523695089,52.46,999.0,0.0,0,0,0.0,,,
1519.0,1594.0,SUPERHOUSE,Superhouse Limited,0.027047937559607618,10.177391025,0.09531576146149252,54.88,999.0,0.0,0,0,0.0,,,
1520.0,592.0,AHLADA,Ahlada Engineers Limited,0.06034117567788444,2.041933382,0.04269886398811222,49.3,24.014454664914584,2.0,0,0,0.0,,,
1521.0,1812.0,21STCENMGM,21st Century Management Services Limited,0.020001169469451595,18.516034949999998,0.1282200666139917,64.43,53.975032851511166,1.0,0,0,0.0,,,
1522.0,1576.0,GUFICBIO,Gufic Biosciences Limited,0.02748439932603338,9.7940912,0.09320690873437074,72.5,48.94875164257556,1.0,0,0,0.0,,,
1523.0,1600.0,SCHNEIDER,Schneider Electric Infrastructure Limited,0.026904485126814117,10.177391025,0.09481024129622731,75.0,999.0,0.0,0,0,0.0,,,
1524.0,1816.0,CINEVISTA,Cinevista Limited,0.019919440345877414,18.516034949999998,0.1276961315668441,67.49,999.0,0.0,0,0,0.0,,,
1525.0,1423.0,KRITINUT,Kriti Nutrients Limited,0.03100882582918754,7.559196,0.08116839151164953,66.68,999.0,0.0,0,0,0.0,,,
1526.0,1152.0,DIFFNKG,Diffusion Engineers Limited,0.04080742527474463,4.36,0.06162297869021726,69.76,999.0,0.0,1,0,0.0,,,
1527.0,474.0,SHANTI,Shanti Overseas (India) Limited,0.06631258392055428,1.65025,0.037932856676724865,0.0,9.00131406044678,8.0,0,0,0.0,,,
1528.0,1819.0,ALEMBICLTD,Alembic Limited,0.019790082349238743,18.516034949999998,0.126866865509607,70.88,999.0,0.0,0,0,0.0,,,
1529.0,1425.0,NITIRAJ,Nitiraj Engineers Limited,0.030962669965459082,7.559196,0.08104757438563816,69.07,999.0,0.0,0,0,0.0,,,
1530.0,1429.0,PANSARI,Pansari Developers Limited,0.03089350543223431,7.559196,0.08086652999710073,73.88,999.0,0.0,0,0,0.0,,,
1531.0,1697.0,MARUTI,Maruti Suzuki India Limited,0.023512199990160337,13.022884999999999,0.10601674086410032,58.53,999.0,0.0,0,0,0.0,,,
1532.0,1607.0,SNOWMAN,Snowman Logistics Limited,0.026572402311787396,10.177391025,0.0936399958269455,50.01,999.0,0.0,0,0,0.0,,,
1533.0,1433.0,MACPOWER,Macpower CNC Machines Limited,0.030785578008552392,7.559196,0.08058402025524486,73.17,999.0,0.0,0,0,0.0,,,
1534.0,1434.0,NORTHARC,Northern Arc Capital Limited,0.030774288676107247,7.559196,0.080554469411854,0.0,999.0,0.0,0,0,0.0,,,
1535.0,477.0,KANANIIND,Kanani Industries Limited,0.06604637567340639,1.6408596754999998,0.037565877532210024,33.79,20.992115637319316,11.0,0,0,0.0,,,
1536.0,1058.0,ATLASCYCLE,Atlas Cycles (Haryana) Limited,0.0443646889202202,3.6363,0.05588006894119204,41.92,9.42838370565046,1.0,0,0,0.0,,,
1537.0,1436.0,NSLNISP,NMDC Steel Limited,0.030730443409882967,7.559196,0.08043970048269723,60.79,999.0,0.0,0,0,0.0,,,
1538.0,1166.0,KMEW,Knowledge Marine & Engineering Works Limited,0.04030825150043635,4.36,0.06086918021727238,53.63,999.0,0.0,0,0,0.0,promoter_stake_declining,medium,0.0
1539.0,1858.0,IDBI,IDBI Bank Limited,0.018633939316710507,20.3466881,0.1312642510484793,94.71,999.0,0.0,0,0,0.0,,,
1540.0,1443.0,NUVOCO,Nuvoco Vistas Corporation Limited,0.030566570838434504,7.559196,0.08001074928310586,72.02,999.0,0.0,0,0,0.0,,,
1541.0,1828.0,CREATIVEYE,Creative Eye Limited,0.0195291383185844,18.516034949999998,0.12519405027527156,56.26,999.0,0.0,0,0,0.0,,,
1542.0,1444.0,KAPSTON,Kapston Services Limited,0.030554182205210556,7.559196,0.07997832092102099,72.87,999.0,0.0,0,0,0.0,,,
1543.0,1707.0,GTLINFRA,GTL Infrastructure Limited,0.023262287412235093,13.022884999999999,0.10488988259376969,3.28,999.0,0.0,0,0,0.0,,,
1544.0,1148.0,DATAMATICS,Datamatics Global Services Limited,0.041071778386779126,4.1586,0.05915862512125584,66.33,36.038107752956634,3.0,0,0,0.0,,,
1545.0,1830.0,BIL,Bhartiya International Limited,0.01946044343619655,18.516034949999998,0.12475367290587507,61.17,999.0,0.0,0,0,0.0,,,
1546.0,1172.0,RKSWAMY,R K Swamy Limited,0.04008734699448774,4.36,0.06053559402380408,69.61,999.0,0.0,0,0,0.0,,,
1547.0,485.0,MAHASTEEL,Mahamaya Steel Industries Limited,0.0653642535654789,1.6396905,0.037151444047123935,72.8,12.02365308804205,4.0,0,0,0.0,,,
1548.0,1124.0,WABAG,VA Tech Wabag Limited,0.04194736309199509,3.9752830909999997,0.05775778568091872,19.09,45.006570302233904,2.0,0,0,0.0,,,
1549.0,923.0,UCOBANK,UCO Bank,0.04802830906054282,3.0311156,0.050432562910174374,90.95,15.111695137976346,1.0,0,0,0.0,,,
1550.0,1454.0,MMP,MMP Industries Limited,0.03038091104453394,7.559196,0.07952476806852184,74.48,999.0,0.0,0,0,0.0,,,
1551.0,395.0,BEARDSELL,Beardsell Limited,0.07116064837408248,1.370606232,0.0338172455003225,52.68,9.00131406044678,6.0,0,0,0.0,,,
1552.0,1992.0,IMFA,Indian Metals & Ferro Alloys Limited,0.013141734734081078,40.133148,0.18259179693065178,58.69,99.11300919842313,1.0,0,0,0.0,,,
1553.0,1618.0,PODDARMENT,Poddar Pigments Limited,0.025999045026464756,10.177391025,0.09161950956548526,62.43,999.0,0.0,0,0,0.0,,,
1554.0,1681.0,TEXINFRA,Texmaco Infrastructure & Holdings Limited,0.024094980018111698,11.8275,0.09867355615809188,66.4,52.46386333771353,3.0,0,0,0.0,,,
1555.0,1720.0,WELENT,Welspun Enterprises Limited,0.02295295013298681,13.022884999999999,0.10349507776107027,56.13,999.0,0.0,0,0,0.0,,,
1556.0,1185.0,SRD,Shankar Lal Rampal Dye-Chem Limited,0.03963600839796116,4.36,0.05985403108449649,73.61,999.0,0.0,0,0,0.0,,,
1557.0,1723.0,TVTODAY,TV Today Network Limited,0.022920421255537646,13.022884999999999,0.1033484047329159,63.21,999.0,0.0,0,0,0.0,,,
1558.0,1188.0,DIGIDRIVE,Digidrive Distributors Limited,0.039605817086160316,4.36,0.05980843941701914,61.75,999.0,0.0,0,0,0.0,,,
1559.0,648.0,KDDL,KDDL Limited,0.0578255109105963,2.0423999999999998,0.040928060003028205,50.43,21.55059132720105,4.0,0,0,0.0,,,
1560.0,1473.0,MSUMI,Motherson Sumi Wiring India Limited,0.030033093297465858,7.559196,0.07861432382196322,61.73,999.0,0.0,0,0,0.0,,,
1561.0,960.0,XPROINDIA,Xpro India Limited,0.04756264709339033,2.998125,0.049400392271376665,40.31,16.68856767411301,4.0,0,0,0.0,,,
1562.0,1474.0,OAL,Oriental Aromatics Limited,0.029911567103612112,7.559196,0.07829621807568382,74.17,999.0,0.0,0,0,0.0,,,
1563.0,1477.0,KRISHANA,Krishana Phoschem Limited,0.029888517345997203,7.559196,0.0782358832613106,72.94,999.0,0.0,0,0,0.0,,,
1564.0,1629.0,STEL,Stel Holdings Limited,0.025755291047265268,10.177391025,0.0907605310912313,71.66,999.0,0.0,0,0,0.0,,,
1565.0,1482.0,KUANTUM,Kuantum Papers Limited,0.02976659735844292,7.559196,0.07791674672458992,70.3,999.0,0.0,0,0,0.0,,,
1566.0,715.0,ASHOKAMET,Ashoka Metcast Limited,0.055399419511165324,2.17762085,0.04180419620153757,53.65,28.44940867279895,1.0,0,0,0.0,,,
1567.0,1874.0,FACT,Fertilizers and Chemicals Travancore Limited,0.0180994719925602,20.3466881,0.1274992686782963,90.0,999.0,0.0,0,0,0.0,,,
1568.0,318.0,TARMAT,Tarmat Limited,0.07725221453284455,1.1154799999999998,0.029889219116827088,29.05,3.0223390275952693,8.0,0,0,0.0,,,
1569.0,1490.0,NIACL,The New India Assurance Company Limited,0.02961937525577257,7.559196,0.07753137962508927,85.44,999.0,0.0,0,0,0.0,,,
1570.0,978.0,UTLSOLAR,Fujiyama Power Systems Limited,0.04674471675924287,3.0311156,0.04908471513554789,86.77,999.0,0.0,1,0,0.0,,,
1571.0,1044.0,GRANULES,Granules India Limited,0.04478725402967405,3.30120135,0.0512167950252923,38.02,24.014454664914584,5.0,0,0,0.0,,,
1572.0,979.0,UNIMECH,Unimech Aerospace and Manufacturing Limited,0.04671291617704073,3.0311156,0.049051322644871866,79.82,999.0,0.0,1,0,0.0,,,
1573.0,294.0,XELPMOC,Xelpmoc Design And Tech Limited,0.08040299247606551,1.0224,0.02851748870999238,49.52,5.978975032851511,4.0,0,0,0.0,,,
1574.0,1738.0,CANBK,Canara Bank,0.022523582787636824,13.022884999999999,0.10155905618050673,62.93,999.0,0.0,0,0,0.0,,,
1575.0,1878.0,GRASIM,Grasim Industries Limited,0.01801718408828256,20.3466881,0.1269196027288818,43.74,999.0,0.0,0,0,0.0,,,
1576.0,373.0,ANIKINDS,Anik Industries Limited,0.07277629662663047,1.2463272,0.031453991824127676,37.14,3.0223390275952693,4.0,0,0,0.0,,,
1577.0,2013.0,NFL,National Fertilizers Limited,0.010580121444447175,58.869408,0.21562455898519792,74.71,107.16162943495401,1.0,0,0,0.0,,,
1578.0,1882.0,GNFC,Gujarat Narmada Valley Fertilizers and Chemicals Limited,0.01787605430197676,20.3466881,0.1259254331448127,41.3,999.0,0.0,0,0,0.0,,,
1579.0,669.0,BBL,Bharat Bijlee Limited,0.0571851311981379,1.98764245,0.039390808952811135,33.65,12.450722733245728,2.0,0,0,0.0,,,
1580.0,1462.0,CENTENKA,Century Enka Limited,0.030251582766059954,7.094916,0.07432407064998033,24.86,20.992115637319316,3.0,0,0,0.0,,,
1581.0,1498.0,MUTHOOTCAP,Muthoot Capital Services Limited,0.02927274027426808,7.559196,0.07662403137380829,63.33,999.0,0.0,0,0,0.0,,,
1582.0,1883.0,GSFC,Gujarat State Fertilizers & Chemicals Limited,0.017826440631499216,20.3466881,0.12557593639126471,37.84,999.0,0.0,0,0,0.0,,,
1583.0,1898.0,SOUTHBANK,The South Indian Bank Limited,0.017503943401930677,21.024027375,0.12740849610445226,0.0,999.0,0.0,0,0,0.0,,,
1584.0,1091.0,NURECA,Nureca Limited,0.04317789732087925,3.4418966505,0.051479421589948,68.09,41.98423127463863,3.0,0,0,0.0,,,
1585.0,1889.0,HINDCOMPOS,Hindustan Composites Limited,0.0177443999234607,20.3466881,0.12499801178213468,74.98,999.0,0.0,0,0,0.0,,,
1586.0,1507.0,MONARCH,Monarch Networth Capital Limited,0.029053364435258255,7.559196,0.07604979537767503,53.86,999.0,0.0,0,0,0.0,,,
1587.0,1508.0,MMTC,MMTC Limited,0.02903705558464365,7.559196,0.07600710549386314,89.93,999.0,0.0,0,0,0.0,,,
1588.0,1654.0,SUPREMEINF,Supreme Infrastructure India Limited,0.025024539798582168,10.177391025,0.08818539531410713,47.32,999.0,0.0,0,0,0.0,,,
1589.0,1726.0,PFC,Power Finance Corporation Limited,0.022830339683366722,12.196071,0.09640757849021565,55.99,80.68331143232588,9.0,0,0,0.0,,,
1590.0,1892.0,INDIANCARD,Indian Card Clothing Company Limited,0.017627870465881122,20.3466881,0.1241771358677996,67.33,999.0,0.0,0,0,0.0,,,
1591.0,1893.0,HINDPETRO,Hindustan Petroleum Corporation Limited,0.017625014151776426,20.3466881,0.12415701495158647,54.9,999.0,0.0,0,0,0.0,,,
1592.0,1214.0,BLBLIMITED,BLB Limited,0.03874685806035033,4.1828375,0.05613498277445815,45.77,29.993429697766096,7.0,0,0,0.0,,,
1593.0,1018.0,BRNL,Bharat Road Network Limited,0.04549114854140717,3.0311156,0.04776839442293442,51.97,27.003942181340342,1.0,0,0,0.0,,,
1595.0,1021.0,THAKDEV,Thakkers Developers Limited,0.04543630994416281,3.0311156,0.04771081065495405,,999.0,0.0,0,0,0.0,,,
1602.0,1028.0,ZSARACOM,Saraswati Commercial India Limited,0.04543630994416281,3.0311156,0.04771081065495405,,999.0,0.0,0,0,0.0,,,
1601.0,1027.0,ZFSTEERING,ZF Steering Gear (India) Limited,0.04543630994416281,3.0311156,0.04771081065495405,,999.0,0.0,0,0,0.0,,,
1598.0,1024.0,ULTRAMAR,Ultramarine & Pigments Limited,0.04543630994416281,3.0311156,0.04771081065495405,,999.0,0.0,0,0,0.0,,,
1597.0,1023.0,TRANSPEK,Transpek Industry Limited,0.04543630994416281,3.0311156,0.04771081065495405,,999.0,0.0,0,0,0.0,,,
1600.0,1026.0,WPIL,WPIL Limited,0.04543630994416281,3.0311156,0.04771081065495405,,999.0,0.0,0,0,0.0,,,
1596.0,1022.0,TIMEX,Timex Group India Limited,0.04543630994416281,3.0311156,0.04771081065495405,,999.0,0.0,0,0,0.0,,,
1599.0,1025.0,WELSPLSOL,Welspun Specialty Solutions Limited,0.04543630994416281,3.0311156,0.04771081065495405,,999.0,0.0,0,0,0.0,,,
1594.0,1020.0,TECHNVISN,TechNVision Ventures Limited,0.04543630994416281,3.0311156,0.04771081065495405,,999.0,0.0,0,0,0.0,,,
1603.0,488.0,RPPL,Rajshree Polypack Limited,0.06528782284604295,1.465974,0.03318177727260414,43.97,24.014454664914584,6.0,0,0,0.0,,,
1604.0,1757.0,CUBEXTUB,Cubex Tubings Limited,0.021889643016086525,13.022884999999999,0.09870061551940223,44.42,999.0,0.0,0,0,0.0,,,
1605.0,619.0,ABSLAMC,Aditya Birla Sun Life AMC Limited,0.05907146825763585,1.7752062,0.03634598814527171,74.82,27.003942181340342,2.0,0,0,0.0,,,
1606.0,1900.0,FINCABLES,Finolex Cables Limited,0.017421796459351845,20.3466881,0.12272547555765966,35.86,999.0,0.0,0,0,0.0,,,
1607.0,1902.0,ESABINDIA,Esab India Limited,0.017401471421979328,20.3466881,0.12258229859636928,73.72,999.0,0.0,0,0,0.0,,,
1608.0,1236.0,GULPOLY,Gulshan Polyols Limited,0.03796074168756745,4.275,0.05620721751230544,66.8,51.24835742444152,5.0,0,0,0.0,,,
1609.0,1665.0,SAGCEM,Sagar Cements Limited,0.02459056292163487,10.177391025,0.08665607958007923,48.33,999.0,0.0,0,0,0.0,,,
1610.0,1872.0,DHANBANK,Dhanlaxmi Bank Limited,0.018185540654677704,18.516034949999998,0.11658074482672552,0.0,999.0,0.0,0,0,0.0,,,
1611.0,1669.0,SANGHVIMOV,Sanghvi Movers Limited,0.02448848618910199,10.177391025,0.08629636559200045,47.25,999.0,0.0,0,0,0.0,,,
1612.0,1061.0,EXCELINDUS,Excel Industries Limited,0.04417995635642478,3.1228465,0.047794517456274034,52.69,18.134034165571617,1.0,0,0,0.0,promoter_stake_declining,medium,0.0
1613.0,1226.0,JPOLYINVST,Jindal Poly Investment and Finance Company Limited,0.03808419572927325,4.1816993,0.055159936633408686,74.63,59.82260183968462,5.0,0,0,0.0,,,
1614.0,444.0,VGUARD,V-Guard Industries Limited,0.06810435428667588,1.307,0.030865217539447917,53.23,9.00131406044678,3.0,0,0,0.0,,,
1615.0,572.0,PAVNAIND,Pavna Industries Limited,0.06107152889648072,1.623072,0.034360220233766746,61.5,19.349540078843624,1.0,0,0,0.0,,,
1616.0,430.0,OMAXE,Omaxe Limited,0.06885283207289405,1.276,0.030465531559299427,74.14,15.604467805519054,2.0,0,0,0.0,,,
1617.0,1536.0,NAM-INDIA,Nippon Life India Asset Management Limited,0.028274613708453505,7.559196,0.07401134528506391,71.93,999.0,0.0,0,0,0.0,,,
1618.0,1904.0,INDIANHUME,Indian Hume Pipe Company Limited,0.017230435394729928,20.3466881,0.12137745856562676,72.34,999.0,0.0,0,0,0.0,,,
1619.0,1538.0,NILASPACES,Nila Spaces Limited,0.02825315951875763,7.559196,0.07395518701327405,61.9,999.0,0.0,0,0,0.0,,,
1620.0,1908.0,DICIND,DIC India Limited,0.017195638561602396,20.3466881,0.12113233700750038,71.75,999.0,0.0,0,0,0.0,,,
1621.0,1664.0,KABRAEXTRU,Kabra Extrusion Technik Limited,0.024615708184676517,9.925,0.08459394889612838,60.49,38.83048620236531,5.0,0,0,0.0,,,
1622.0,577.0,THOMASCOTT,Thomas Scott (India) Limited,0.060900015647169216,1.62,0.03419895797681027,52.32,13.797634691195794,8.0,0,0,0.0,,,
1623.0,1909.0,IFBIND,IFB Industries Limited,0.017169710561720487,20.3466881,0.12094969073889138,74.96,999.0,0.0,0,0,0.0,,,
1624.0,1057.0,ULTRACEMCO,UltraTech Cement Limited,0.044399534516949085,3.0311156,0.04662213518460243,59.33,15.013140604467806,1.0,0,0,0.0,,,
1625.0,1774.0,HINDUNILVR,Hindustan Unilever Limited,0.02141576921071954,13.022884999999999,0.09656391387315472,61.9,999.0,0.0,0,0,0.0,,,
1626.0,1198.0,KARURVYSYA,Karur Vysya Bank Limited,0.03929156407404738,3.8649242,0.052599890277767736,2.07,6.14323258869908,1.0,0,0,0.0,,,
1627.0,1551.0,PALASHSECU,Palash Securities Limited,0.02807300912643383,7.559196,0.07348362715300512,72.18,999.0,0.0,0,0,0.0,,,
1628.0,1258.0,GENCON,Generic Engineering Construction and Projects Limited,0.03696002964325653,4.36,0.05581305617205344,40.3,999.0,0.0,0,0,0.0,,,
1629.0,481.0,EIMCOELECO,Eimco Elecon (India) Limited,0.06562965080747406,1.3768717,0.03133113228525841,48.96,9.00131406044678,4.0,0,0,0.0,,,
1630.0,427.0,RKEC,RKEC Projects Limited,0.0690164286847572,1.2448,0.02979248492518655,66.51,17.969776609724047,7.0,0,0,0.0,promoter_stake_declining,medium,0.0
1631.0,1553.0,NRAIL,N R Agarwal Industries Limited,0.028004759801804467,7.559196,0.07330497840530865,74.11,999.0,0.0,0,0,0.0,,,
1632.0,1064.0,WSI,W S Industries (I) Limited,0.04412432260951701,3.0311156,0.04633314641721316,51.64,21.81340341655716,3.0,0,0,0.0,,,
1633.0,881.0,KARMAENG,Karma Energy Limited,0.04891233678973625,2.45460315,0.04159906292087259,74.7,36.038107752956634,10.0,0,0,0.0,,,
1634.0,1327.0,RVHL,Ravinder Heights Limited,0.03451839449789369,4.9064009,0.05865522180814992,74.74,54.106438896189225,1.0,0,0,0.0,,,
1635.0,1072.0,TTL,T T Limited,0.043868982422401157,3.0311156,0.04606502413054296,51.02,18.462549277266753,1.0,0,0,0.0,,,
1636.0,1890.0,DELTAMAGNT,Delta Manufacturing Limited,0.01770932430680819,18.516034949999998,0.11352789874491212,72.12,999.0,0.0,0,0,0.0,,,
1637.0,1564.0,KECL,Kirloskar Electric Company Limited,0.02771096998908634,7.559196,0.07253595713787346,49.74,999.0,0.0,0,0,0.0,,,
1638.0,1265.0,AEROENTER,Aeroflex Enterprises Limited,0.03648594666082444,4.36,0.05509714711072171,51.59,999.0,0.0,0,0,0.0,,,
1639.0,424.0,QUESS,Quess Corp Limited,0.06918793032602905,1.210334,0.029041005812997605,56.83,25.52562417871222,1.0,0,0,0.0,,,
1640.0,1568.0,NIRAJISPAT,Niraj Ispat Industries Limited,0.027677936008716368,7.559196,0.07244948772214556,74.44,999.0,0.0,0,0,0.0,,,
1641.0,1891.0,ASHIMASYN,Ashima Limited,0.01767523882545183,18.516034949999998,0.11330938938740893,73.49,999.0,0.0,0,0,0.0,,,
1642.0,441.0,AKI,AKI India Limited,0.0682504995337963,1.2413241,0.029379729534870693,53.92,12.713534822601838,5.0,0,0,0.0,,,
1643.0,844.0,GHCL,GHCL Limited,0.05024433411266084,2.2901684,0.03987179312457154,19.87,3.679369250985545,3.0,0,0,0.0,,,
1644.0,365.0,INCREDIBLE,INCREDIBLE INDUSTRIES LIMITED,0.07367002603464949,1.0642,0.027195456310269595,74.96,3.219448094612352,1.0,0,0,0.0,,,
1645.0,1784.0,FINPIPE,Finolex Industries Limited,0.021045757118113562,13.022884999999999,0.09489552571063449,52.47,999.0,0.0,0,0,0.0,,,
1646.0,1928.0,HEIDELBERG,HeidelbergCement India Limited,0.016828548369224094,20.3466881,0.11854642007652874,69.39,999.0,0.0,0,0,0.0,,,
1647.0,1271.0,CSLFINANCE,CSL Finance Limited,0.03631820812125928,4.36,0.05484384643371111,47.66,999.0,0.0,0,0,0.0,,,
1648.0,384.0,HPIL,Hindprakash Industries Limited,0.07170114068078755,1.1183987255,0.027813931552826656,74.85,11.005256241787121,2.0,0,0,0.0,,,
1649.0,1573.0,LAURUSLABS,Laurus Labs Limited,0.02754235859032083,7.559196,0.07209460163142137,27.49,999.0,0.0,0,0,0.0,,,
1650.0,1575.0,LTTS,L&T Technology Services Limited,0.027522861229650055,7.559196,0.07204356553566311,73.57,999.0,0.0,0,0,0.0,,,
1651.0,1577.0,NDGL,Naga Dhunseri Group Limited,0.0274704108351489,7.559196,0.07190627190902721,73.58,999.0,0.0,0,0,0.0,,,
1652.0,1896.0,DENORA,De Nora India Limited,0.017533823341599322,18.516034949999998,0.11240282725925375,53.68,999.0,0.0,0,0,0.0,,,
1653.0,1090.0,TORNTPOWER,Torrent Power Limited,0.043322047150596885,3.0311156,0.04549070977214463,51.09,18.823915900131404,1.0,0,0,0.0,,,
1654.0,1583.0,MODIRUBBER,Modi Rubber Limited,0.0274123945158737,7.559196,0.07175440897352188,62.69,33.01576872536137,1.0,0,0,0.0,,,
1655.0,1945.0,TRIDENT,Trident Limited,0.016363732115216825,20.8875,0.11833567470815694,73.68,71.28777923784494,4.0,0,0,0.0,,,
1656.0,748.0,TREJHARA,TREJHARA SOLUTIONS LIMITED,0.053745127847642626,1.9315,0.035976675247116625,33.87,27.003942181340342,4.0,0,0,0.0,,,
1657.0,1287.0,TCIEXP,TCI Express Limited,0.035742989631696746,4.36,0.0539752134218051,69.46,999.0,0.0,0,0,0.0,,,
1658.0,1290.0,PENIND,Pennar Industries Limited,0.0356926844747478,4.36,0.0538992479916462,39.67,999.0,0.0,0,0,0.0,,,
1659.0,1905.0,CRISIL,Crisil Limited,0.017223040627138916,18.516034949999998,0.11041051473915574,66.64,999.0,0.0,0,0,0.0,,,
1660.0,428.0,LINC,Linc Limited,0.06901360606883566,1.1523825,0.027583307959362195,61.02,9.85545335085414,2.0,0,0,0.0,,,
1661.0,1797.0,AVADHSUGAR,Avadh Sugar & Energy Limited,0.02069650097638001,12.8,0.09172381889692123,60.39,79.56636005256242,1.0,0,0,0.0,,,
1662.0,552.0,MBAPL,Madhya Bharat Agro Products Limited,0.06227225545548909,1.4121873,0.030489648277469073,74.76,24.868593955321945,1.0,0,0,0.0,,,
1663.0,1015.0,VIKASECO,Vikas EcoTech Limited,0.04565188870479446,2.6260875,0.04153620982112903,10.65,33.01576872536137,15.0,0,0,0.0,,,
1664.0,468.0,PIIND,PI Industries Limited,0.06661527268984768,1.2300364,0.0284155107049082,46.09,18.429697766097238,4.0,0,0,0.0,,,
1665.0,1301.0,INDIAMART,Indiamart Intermesh Limited,0.035325928640150245,4.36,0.05334541282984036,49.12,999.0,0.0,0,0,0.0,,,
1666.0,397.0,SAURASHCEM,Saurashtra Cement Limited,0.07084853645240491,1.0813363,0.026574187894645482,66.62,24.375821287779235,1.0,0,0,0.0,,,
1667.0,1910.0,DCMSHRIRAM,DCM Shriram Limited,0.017110725352160547,18.516034949999998,0.1096905032387537,66.52,999.0,0.0,0,0,1.0,trading_plan_disclosed,very_high,-226.0
1668.0,1911.0,AEGISLOG,Aegis Logistics Limited,0.017108052901425936,18.516034949999998,0.10967337114996571,58.1,999.0,0.0,0,0,0.0,,,
1669.0,1114.0,VRAJ,Vraj Iron and Steel Limited,0.04216269928557618,3.0311156,0.04427332599825975,74.95,999.0,0.0,0,0,0.0,,,
1670.0,1116.0,WCIL,Western Carriers (India) Limited,0.042156020115864216,3.0311156,0.04426631247533389,72.97,999.0,0.0,0,0,0.0,,,
1671.0,1639.0,RAMCOCEM,The Ramco Cements Limited,0.025502221176197982,8.2451531,0.07281023388335081,42.56,45.565045992115635,6.0,0,0,0.0,trading_plan_disclosed,very_high,-364.0
1672.0,1605.0,KICL,Kalyani Investment Company Limited,0.026627996153242312,7.559196,0.0697011756860095,74.97,999.0,0.0,0,0,0.0,,,
1673.0,1313.0,SIGMA,Sigma Solve Limited,0.03503925864611926,4.36,0.052912514679213124,73.22,999.0,0.0,0,0,0.0,,,
1674.0,1916.0,BPL,BPL Limited,0.01700044103255527,18.516034949999998,0.10898351143870597,63.13,999.0,0.0,0,0,0.0,,,
1675.0,1917.0,AMJLAND,Amj Land Holdings Limited,0.016989013762773706,18.516034949999998,0.10891025545760716,65.94,999.0,0.0,0,0,0.0,,,
1676.0,1724.0,RAMANEWS,Shree Rama Newsprint Limited,0.022899540078909902,10.177391025,0.08069698826127163,74.76,999.0,0.0,0,0,0.0,,,
1677.0,1123.0,HEADSUP,Heads UP Ventures Limited,0.04195460669751569,3.0311156,0.044054816482855565,13.55,27.003942181340342,2.0,0,0,0.0,,,
1678.0,574.0,MANAKALUCO,Manaksia Aluminium Company Limited,0.06099200200009254,1.4246642,0.030126252404015168,74.87,24.57293035479632,1.0,0,0,0.0,,,
1679.0,1729.0,SPCENET,Spacenet Enterprises India Limited,0.022810005548655896,10.177391025,0.08038147245126022,15.52,999.0,0.0,0,0,0.0,,,
1680.0,1924.0,BIRLACORPN,Birla Corporation Limited,0.016899761467081127,18.516034949999998,0.10833809214902498,62.9,999.0,0.0,0,0,0.0,,,
1681.0,1925.0,CHAMBLFERT,Chambal Fertilizers & Chemicals Limited,0.016891254749099593,18.516034949999998,0.10828355874046983,61.25,999.0,0.0,0,0,0.0,,,
1682.0,1731.0,PTL,PTL Enterprises Limited,0.02275472163426468,10.177391025,0.08018665432935507,69.82,999.0,0.0,0,0,0.0,,,
1683.0,429.0,INDOCO,Indoco Remedies Limited,0.06898149393379206,1.1069748,0.026486136912363695,58.86,6.14323258869908,1.0,0,0,0.0,,,
1684.0,1929.0,APCOTEXIND,Apcotex Industries Limited,0.016828413419574806,18.516034949999998,0.10788070632376057,58.23,999.0,0.0,0,0,0.0,,,
1685.0,1326.0,SAMHI,Samhi Hotels Limited,0.03456790779265366,4.36,0.05220073138479629,0.0,999.0,0.0,0,0,0.0,,,
1686.0,1734.0,RUCHIRA,Ruchira Papers Limited,0.022593987092170108,10.177391025,0.07962023275879555,68.67,999.0,0.0,0,0,0.0,,,
1687.0,1019.0,ASTRAMICRO,Astra Microwave Products Limited,0.04545706530390334,2.5029691,0.039421519051678344,6.54,39.02759526938239,10.0,0,0,0.0,,,
1688.0,1146.0,ARCHIES,Archies Limited,0.041263161578251946,3.0311156,0.04332875824432287,61.47,9.00131406044678,1.0,0,0,0.0,,,
1689.0,1329.0,HECPROJECT,HEC Infra Projects Limited,0.034355174584879265,4.36,0.05187948460578188,74.93,999.0,0.0,0,0,0.0,,,
1690.0,2034.0,LUPIN,Lupin Limited,0.008749996086227113,66.96,0.20283331189998607,46.86,119.57950065703022,1.0,0,0,0.0,,,
1691.0,1150.0,TIMKEN,Timken India Limited,0.0409606940145102,3.0311156,0.04301114942704254,51.05,24.014454664914584,2.0,0,0,0.0,,,
1692.0,1741.0,RKDL,Ravi Kumar Distilleries Limited,0.0223444915102785,10.177391025,0.07874102112512223,23.62,999.0,0.0,0,0,0.0,,,
1693.0,1626.0,KAMATHOTEL,Kamat Hotels (I) Limited,0.025879647590163434,7.559196,0.06774230599227243,57.78,36.038107752956634,1.0,0,0,0.0,,,
1694.0,2046.0,NILKAMAL,Nilkamal Limited,0.0075368214816916,88.6259525,0.23123932820346554,64.54,111.07095926412615,7.0,0,0,0.0,,,
1695.0,1939.0,ANDHRSUGAR,The Andhra Sugars Limited,0.016464324558500894,18.516034949999998,0.10554666790207674,50.49,999.0,0.0,0,0,0.0,,,
1696.0,1827.0,TNPL,Tamil Nadu Newsprint & Papers Limited,0.019602231104582497,13.022884999999999,0.08838665272677268,35.32,999.0,0.0,0,0,0.0,,,
1697.0,1751.0,SPLIL,SPL Industries Limited,0.022148341614923732,10.177391025,0.07804979738227197,74.85,999.0,0.0,0,0,0.0,,,
1698.0,1943.0,ADOR,Ador Welding Limited,0.016414637530001393,18.516034949999998,0.10522814282214141,53.76,999.0,0.0,0,0,0.0,,,
1699.0,1163.0,TBOTEK,TBO Tek Limited,0.040432200095674074,3.0311156,0.042456199579115374,44.41,999.0,0.0,0,0,0.0,,,
1700.0,1171.0,OFSS,Oracle Financial Services Software Limited,0.040192011540036106,3.0602624,0.04260952637386467,72.44,21.320630749014455,1.0,0,0,0.0,,,
1701.0,2016.0,SHANTIGEAR,Shanthi Gears Limited,0.010393707888989254,45.345132,0.16316380747046028,70.47,86.85939553219448,1.0,0,0,0.0,,,
1702.0,1237.0,SARDAEN,Sarda Energy & Minerals Limited,0.037960618501884535,3.383925,0.04449723416534409,73.16,48.02890932982917,11.0,0,0,0.0,,,
1703.0,1078.0,SURANAT&P,Surana Telecom and Power Limited,0.04369900129845895,2.55112305,0.038625340876945594,71.89,20.992115637319316,6.0,0,0,0.0,,,
1704.0,1348.0,ASTERDM,Aster DM Quality Care Limited,0.03330432675122796,4.36,0.050292607383713356,40.39,999.0,0.0,0,0,0.0,,,
1705.0,1350.0,RAJRATAN,Rajratan Global Wire Limited,0.0332877558109711,4.36,0.05026758373442772,65.2,999.0,0.0,0,0,0.0,,,
1706.0,1644.0,KIRLOSBROS,Kirloskar Brothers Limited,0.025278204287669276,7.559196,0.0661679740353702,65.95,999.0,0.0,0,0,0.0,,,
1707.0,1648.0,KSL,Kalyani Steels Limited,0.025226216443080804,7.559196,0.06603189117474695,64.7,999.0,0.0,0,0,0.0,,,
1708.0,1004.0,SUNDARMFIN,Sundaram Finance Limited,0.04643564119451211,2.2291698999999996,0.03586881800859796,37.21,20.992115637319316,6.0,0,0,0.0,,,
1709.0,1927.0,FMGOETZE,Federal-Mogul Goetze (India) Limited.,0.016836467617522506,16.939584149999998,0.09874407671488063,74.98,62.155059132720105,4.0,0,0,0.0,,,
1710.0,1352.0,VIDHIING,Vidhi Specialty Food Ingredients Limited,0.03311774731410984,4.36,0.05001085521238295,64.27,999.0,0.0,0,0,0.0,,,
1711.0,1763.0,TALBROAUTO,Talbros Automotive Components Limited,0.02167555736411428,10.177391025,0.0763837261421416,58.43,999.0,0.0,0,0,0.0,,,
1712.0,1014.0,EMUDHRA,eMudhra Limited,0.045711696184747255,2.2848550999999997,0.03619080186773655,54.4,39.02759526938239,3.0,0,0,0.0,,,
1713.0,472.0,LAL,Lorenzini Apparels Limited,0.06634127058975961,1.0821734,0.024902807186905945,56.17,15.013140604467806,2.0,0,0,0.0,,,
1714.0,1186.0,AAKASH,Aakash Exploration Services Limited,0.039613019436155104,3.0311156,0.04159601147434761,66.54,48.02890932982917,3.0,0,0,0.0,,,
1715.0,1192.0,RETAIL,JHS Svendgaard Retail Ventures Limited,0.03953279005691573,3.0311156,0.04151176588471768,44.52,999.0,0.0,0,0,0.0,,,
1716.0,1354.0,KAMOPAINTS,Kamdhenu Ventures Limited,0.032931517832643024,4.36,0.04972963150638692,52.54,999.0,0.0,0,0,0.0,,,
1717.0,1721.0,SUPRAJIT,Suprajit Engineering Limited,0.0229405745527143,8.983168,0.07135758849316926,45.27,61.826544021024965,2.0,0,0,0.0,,,
1718.0,1310.0,RADIOCITY,Music Broadcast Limited,0.03506223999042568,3.8379333,0.04661045329872943,74.05,48.12746386333771,3.0,0,0,0.0,,,
1719.0,1767.0,RATNAMANI,Ratnamani Metals & Tubes Limited,0.021526419796025365,10.177391025,0.07585817180611938,59.77,999.0,0.0,0,0,0.0,,,
1720.0,1659.0,MHRIL,Mahindra Holidays & Resorts India Limited,0.024785153005612435,7.559196,0.06487736794413146,66.74,999.0,0.0,0,0,0.0,,,
1721.0,1083.0,STARHEALTH,Star Health and Allied Insurance Company Limited,0.04357761776249344,2.43760365,0.03680553096228933,57.98,51.77398160315374,2.0,0,0,0.0,,,
1722.0,1366.0,ASALCBR,Associated Alcohols & Breweries Ltd.,0.03247360428894197,4.36,0.04903813978997825,62.35,999.0,0.0,0,0,0.0,,,
1723.0,654.0,LCCINFOTEC,LCC Infotech Limited,0.057668973809874326,1.3764,0.02752134430248344,45.85,3.843626806833114,5.0,0,0,0.0,,,
1724.0,1776.0,HESTERBIO,Hester Biosciences Limited,0.021391658392010685,9.984,0.07395114745727628,53.73,78.580814717477,1.0,0,0,0.0,,,
1725.0,1371.0,ORIENTALTL,Oriental Trimex Limited,0.03226557038832374,4.36,0.048723989398515695,27.21,45.565045992115635,1.0,0,0,0.0,promoter_stake_declining,medium,0.0
1726.0,1815.0,BANARISUG,Bannari Amman Sugars Limited,0.019967688570656478,11.3486049075,0.07846118616325415,58.7,69.21813403416557,6.0,0,0,0.0,,,
1727.0,1374.0,KAVDEFENCE,Kavveri Defence & Wireless Technologies Limited,0.0321819457722669,4.36,0.048597708509717806,24.56,41.98423127463863,1.0,0,0,0.0,,,
1728.0,596.0,HISARMETAL,Hisar Metal Industries Limited,0.06017407263041728,1.2465983,0.026012944679910898,61.2,12.220762155059132,1.0,0,0,0.0,,,
1729.0,1783.0,SURYALAXMI,Suryalakshmi Cotton Mills Limited,0.021049198518867655,10.177391025,0.07417646467714992,60.93,999.0,0.0,0,0,0.0,,,
1730.0,663.0,CCL,CCL Products (India) Limited,0.05736936943898319,1.3655,0.027161888814220367,46.11,9.921156373193167,1.0,0,0,0.0,,,
1731.0,1503.0,ELECTCAST,Electrosteel Castings Limited,0.029200941084276653,5.2625,0.05321929184468062,50.13,51.01839684625492,2.0,0,0,0.0,,,
1732.0,1671.0,NAHARCAP,Nahar Capital and Financial Services Limited,0.024306541895208245,7.559196,0.06362456030139427,72.53,999.0,0.0,0,0,0.0,,,
1733.0,1383.0,AERONEU,Aeroflex Neu Limited,0.03200095967416154,4.36,0.04832440279656186,60.46,999.0,0.0,0,0,0.0,,,
1734.0,1384.0,BBTCL,B&B Triplewall Containers Limited,0.03197370135759916,4.36,0.04828324022261004,73.76,999.0,0.0,0,0,0.0,,,
1735.0,1387.0,SGIL,Synergy Green Industries Limited,0.031844541552432166,4.36,0.048088196995357865,69.5,999.0,0.0,0,0,0.0,,,
1736.0,1420.0,UFO,UFO Moviez India Limited,0.031059029178890876,4.5744622,0.049207901540048324,22.33,54.69776609724047,2.0,0,0,0.0,promoter_stake_declining,medium,0.0
1737.0,1388.0,WEALTH,Wealth First Portfolio Managers Limited,0.03180760041284074,4.36,0.04803241246490763,74.04,999.0,0.0,0,0,0.0,,,
1738.0,1967.0,CUB,City Union Bank Limited,0.015421268449721819,18.516034949999998,0.09886002270595208,0.0,999.0,0.0,0,0,0.0,,,
1739.0,549.0,SURANASOL,Surana Solar Limited,0.06245483966253299,1.12666593,0.024405896869790254,44.34,20.992115637319316,8.0,0,0,0.0,,,
1740.0,1394.0,EXPLEOSOL,Expleo Solutions Limited,0.03166504309907948,4.36,0.04781713776308806,71.05,999.0,0.0,0,0,0.0,,,
1741.0,1200.0,JETFREIGHT,Jet Freight Logistics Limited,0.03918793240032762,2.8464168,0.0386440065564934,50.92,45.006570302233904,4.0,0,0,0.0,,,
1742.0,1683.0,NESCO,Nesco Limited,0.024031435123463205,7.559196,0.06290444357464324,68.54,999.0,0.0,0,0,0.0,,,
1743.0,1796.0,SUVEN,Suven Life Sciences Limited,0.02070142402787325,10.177391025,0.07295092242081473,70.15,999.0,0.0,0,0,0.0,promoter_stake_declining,medium,0.0
1744.0,1398.0,ORISSAMINE,The Orissa Minerals Development Company Limited,0.03159869441250872,4.36,0.04771694512238244,50.01,999.0,0.0,0,0,0.0,,,
1745.0,1686.0,LPDC,Landmark Property Development Company Limited,0.023970562179822238,7.559196,0.06274510316784634,64.86,999.0,0.0,0,0,0.0,,,
1746.0,1871.0,COROMANDEL,Coromandel International Limited,0.018219867268908257,13.022884999999999,0.08215356060404869,56.86,999.0,0.0,0,0,0.0,,,
1747.0,1803.0,SUNFLAG,Sunflag Iron And Steel Company Limited,0.02053357414226999,10.177391025,0.07235942668764686,51.16,999.0,0.0,0,0,0.0,,,
1748.0,1248.0,SECMARK,SecMark Consultancy Limited,0.03755062567975698,3.0311156,0.03943037614594191,75.0,999.0,0.0,0,0,0.0,,,
1749.0,1411.0,AARVI,Aarvi Encon Limited,0.031302565529509926,4.36,0.047269763176358365,73.53,999.0,0.0,0,0,0.0,,,
1750.0,1250.0,JHS,JHS Svendgaard Laboratories Limited,0.03752905733119211,3.0311156,0.039407728105293735,33.85,33.60709592641261,1.0,0,0,0.0,,,
1751.0,1413.0,NILAINFRA,Nila Infrastructures Limited,0.031266322959695406,4.36,0.04721503355074925,61.9,999.0,0.0,0,0,0.0,,,
1752.0,1691.0,NAHARPOLY,Nahar Poly Films Limited,0.023621254043712896,7.559196,0.06183075769388002,72.5,999.0,0.0,0,0,0.0,,,
1753.0,769.0,TPHQ,Teamo Productions HQ Limited,0.0530987863130119,1.47981075,0.02724118461072258,26.48,22.24047306176084,8.0,0,0,0.0,,,
1754.0,1557.0,CYIENT,Cyient Limited,0.027901435285931676,5.325,0.051454599291162625,23.28,30.781865965834427,1.0,0,0,0.0,,,
1755.0,767.0,FINEORG,Fine Organic Industries Limited,0.053127199156230806,1.4676735,0.027032538076653356,75.0,27.135348226018397,1.0,0,0,0.0,,,
1756.0,1699.0,MRPL,Mangalore Refinery and Petrochemicals Limited,0.02339587495040399,7.559196,0.06124080763949845,88.58,999.0,0.0,0,0,0.0,,,
1757.0,1333.0,GESHIP,The Great Eastern Shipping Company Limited,0.03406617392029379,3.5590352000000003,0.041997266543815595,30.07,66.72141918528251,2.0,0,0,0.0,,,
1758.0,597.0,5PAISA,5Paisa Capital Limited,0.0601425196506649,1.1416995,0.02381529705308026,36.5,30.091984231274637,3.0,0,0,0.0,,,
1759.0,825.0,NGLFINE,NGL Fine-Chem Limited,0.050824763637011695,1.5943294,0.028089446725933664,72.74,33.86990801576872,2.0,0,0,0.0,,,
1760.0,1708.0,NAHARSPING,Nahar Spinning Mills Limited,0.023258947038347355,7.559196,0.0608823865101107,67.96,999.0,0.0,0,0,0.0,,,
1761.0,1714.0,KKCL,Kewal Kiran Clothing Limited,0.023120105775329577,7.559196,0.06051895701243551,74.29,999.0,0.0,0,0,0.0,,,
1762.0,1264.0,TMPV,Tata Motors Passenger Vehicles Limited,0.036506021495230155,3.0311156,0.03833348001774445,42.56,21.944809461235216,1.0,0,0,0.0,,,
1763.0,1715.0,LAOPALA,La Opala RG Limited,0.0231047530813145,7.559196,0.06047876995454952,66.15,999.0,0.0,0,0,0.0,,,
1764.0,1256.0,VIKASLIFE,Vikas Lifecare Limited,0.03711428768536899,2.9291543,0.037662173831912844,14.2,41.98423127463863,7.0,0,0,0.0,,,
1765.0,1267.0,UYFINCORP,U. Y. Fincorp Limited,0.03643929149342862,3.0311156,0.03826340957221597,71.38,999.0,0.0,0,0,0.0,,,
1766.0,1717.0,KALYANIFRG,Kalyani Forge Limited,0.02304149317262057,7.559196,0.0603131814519682,58.76,999.0,0.0,0,0,0.0,,,
1767.0,1820.0,SANOFI,Sanofi India Limited,0.019770378644266846,10.177391025,0.06966995877994263,60.4,999.0,0.0,0,0,0.0,,,
1768.0,675.0,LTM,LTM Limited,0.057049810847929906,1.2220342,0.02417721346725824,68.52,16.590013140604466,1.0,0,0,0.0,,,
1769.0,1643.0,PUNJABCHEM,Punjab Chemicals & Crop Protection Limited,0.025420869924216796,5.98,0.05264417866745327,39.24,68.98817345597897,1.0,0,0,0.0,,,
1770.0,1289.0,MFML,Mahalaxmi Fabric Mills Limited,0.03570089755391789,3.0311156,0.0374880522978234,64.8,999.0,0.0,0,0,0.0,,,
1771.0,1006.0,PRAJIND,Praj Industries Limited,0.046300591378791764,1.78346295,0.028620557955486264,32.81,31.307490144546648,4.0,0,0,0.0,,,
1772.0,1299.0,XTGLOBAL,Xtglobal Infotech Limited,0.03535354071825879,3.0311156,0.03712330709214534,62.81,999.0,0.0,0,0,0.0,,,
1773.0,1300.0,THEJO,Thejo Engineering Limited,0.03532702144685133,3.0311156,0.037095460289920786,53.61,999.0,0.0,0,0,0.0,,,
1774.0,1840.0,SCHAEFFLER,Schaeffler India Limited,0.019272824984238122,10.177391025,0.06791660121361888,74.13,999.0,0.0,0,0,0.0,,,
1775.0,1302.0,CEWATER,Concord Enviro Systems Limited,0.035305752623657656,3.0311156,0.03707312676861384,51.43,999.0,0.0,1,0,0.0,,,
1776.0,1303.0,BTML,Bodhi Tree Multimedia Limited,0.03525984184569583,3.0311156,0.037024917738500036,24.27,48.02890932982917,1.0,0,0,0.0,,,
1777.0,1743.0,KEYFINSERV,Keynote Financial Services Limited,0.0223152584844763,7.559196,0.0584121968154861,71.88,48.02890932982917,1.0,0,0,0.0,,,
1778.0,1306.0,TIJARIA,Tijaria Polypipes Limited,0.035160223743777,3.0311156,0.036920312844214036,36.07,45.006570302233904,1.0,0,0,0.0,,,
1779.0,1308.0,TURTLEMINT,Turtlemint Fintech Solutions Limited,0.03515650749058911,3.0311156,0.0369164105587421,,999.0,0.0,0,1,0.0,lockin_expiry_anchor_90d,high,51.0
1780.0,1745.0,LUMAXTECH,Lumax Auto Technologies Limited,0.022214643128593642,7.559196,0.058148827068970885,55.98,999.0,0.0,0,0,0.0,,,
1781.0,1748.0,MMFL,MM Forgings Limited,0.022193132610378703,7.559196,0.058092521352214425,56.34,999.0,0.0,0,0,0.0,,,
1782.0,1750.0,KOTARISUG,Kothari Sugars And Chemicals Limited,0.02218319023546958,7.559196,0.0580664962913616,73.53,999.0,0.0,0,0,0.0,,,
1783.0,841.0,UPL,UPL Limited,0.05028276759532723,1.4639098,0.025519701011160214,33.51,21.320630749014455,1.0,0,0,0.0,,,
1784.0,1983.0,PRAKASH,Prakash Industries Limited,0.014465873395280606,17.68,0.08854864743933825,44.38,78.21944809461235,1.0,0,0,0.0,,,
1785.0,1060.0,SGL,STL Global Limited,0.044194923773995275,1.8923706,0.028985168025942306,65.76,21.55059132720105,3.0,0,0,0.0,,,
1786.0,1848.0,RADAAN,Radaan Mediaworks India Limited,0.01904639992005173,10.177391025,0.06711868908596287,51.42,999.0,0.0,0,0,0.0,,,
1787.0,1202.0,SAMPANN,Sampann Utpadan India Limited,0.03915893924462577,2.4069507,0.032657995095839935,40.66,49.17871222076215,1.0,0,0,0.0,,,
1788.0,1509.0,LAXMICOT,Laxmi Cotspin Limited,0.029029827284877588,4.36,0.043837718653223556,58.63,999.0,0.0,0,0,0.0,,,
1789.0,1219.0,INVENTURE,Inventure Growth & Securities Limited,0.03862793752726207,2.453,0.03283092860385077,26.4,51.01839684625492,10.0,0,0,0.0,,,
1790.0,1985.0,BALMLAWRIE,Balmer Lawrie & Company Limited,0.014059562419711772,18.516034949999998,0.09013063124995589,0.0,999.0,0.0,0,0,0.0,,,
1791.0,1511.0,BALKRISHNA,Balkrishna Paper Mills Limited,0.0289646070470629,4.36,0.04373923007429543,59.95,999.0,0.0,0,0,0.0,,,
1792.0,681.0,AKSHAR,Akshar Spintex Limited,0.05694611286330325,1.1224425,0.022169955693575702,0.27,20.992115637319316,11.0,0,0,0.0,,,
1793.0,1515.0,HBSL,HB Stockholdings Limited,0.02880064691833073,4.36,0.04349163514638997,53.22,999.0,0.0,0,0,0.0,,,
1794.0,1758.0,MURUDCERA,Murudeshwar Ceramics Limited,0.021859285236048805,7.559196,0.05721864581323032,73.94,999.0,0.0,0,0,0.0,,,
1795.0,1517.0,ICICIGI,ICICI Lombard General Insurance Company Limited,0.02877489640409544,4.36,0.043452749493122216,51.29,999.0,0.0,0,0,0.0,,,
1796.0,707.0,SBGLP,Suratwwala Business Group Limited,0.055619462184735124,1.1581622,0.02234123059814131,73.39,33.01576872536137,6.0,0,0,0.0,,,
1797.0,1528.0,DABUR,Dabur India Limited,0.028534956865433427,4.36,0.04309041864332316,66.25,41.98423127463863,1.0,0,0,0.0,,,
1798.0,1802.0,FDC,FDC Limited,0.020537882917529324,8.407665,0.0597922049079832,69.66,68.75821287779237,14.0,0,0,0.0,,,
1799.0,1922.0,RTNINDIA,RattanIndia Enterprises Limited,0.016937844163253283,12.3252067,0.07228203918208954,74.87,90.80157687253613,3.0,0,0,0.0,,,
1800.0,1530.0,SOMICONVEY,Somi Conveyor Beltings Limited,0.02843350482101256,4.36,0.042937216692223945,59.09,999.0,0.0,0,0,0.0,,,
1801.0,1769.0,KANSAINER,Kansai Nerolac Paints Limited,0.021490216173264277,7.559196,0.05625257433577584,74.96,999.0,0.0,0,0,0.0,,,
1802.0,1772.0,MARKSANS,Marksans Pharma Limited,0.021418680942561615,7.559196,0.056065324433295344,43.87,999.0,0.0,0,0,0.0,,,
1803.0,1773.0,M&MFIN,Mahindra & Mahindra Financial Services Limited,0.021417235385207064,7.559196,0.05606154055686116,52.49,999.0,0.0,0,0,0.0,,,
1804.0,1866.0,TATACONSUM,TATA CONSUMER PRODUCTS LIMITED,0.018404325994954847,10.177391025,0.06485604835964841,33.83,999.0,0.0,0,0,0.0,,,
1805.0,912.0,GREAVESCOT,Greaves Cotton Limited,0.04847285978108802,1.466755,0.024648873137467622,55.78,24.67148488830486,2.0,0,0,0.0,,,
1806.0,1552.0,MINDTECK,Mindteck (India) Limited,0.028060799014180703,4.36,0.04237439652316188,64.2,999.0,0.0,0,0,0.0,,,
1807.0,1867.0,PNC,Pritish Nandy Communications Limited,0.018363818989344378,10.177391025,0.06471330342481639,59.72,999.0,0.0,0,0,0.0,,,
1808.0,645.0,GOKUL,Gokul Refoils and Solvent Limited,0.058164467548585404,1.01,0.020380207069221556,73.54,15.013140604467806,2.0,0,0,0.0,,,
1809.0,1217.0,IPCALAB,IPCA Laboratories Limited,0.03867692112676034,2.2377658,0.02999075238496424,44.72,17.969776609724047,3.0,0,0,0.0,,,
1810.0,1875.0,SHREERAMA,Shree Rama Multi-Tech Limited,0.018077448564977186,10.177391025,0.06370414644201663,61.57,999.0,0.0,0,0,0.0,,,
1811.0,1318.0,VIYASH,Viyash Scientific Limited,0.034885606346173076,2.72923975,0.0329862845095999,61.31,51.28120893561103,3.0,0,0,0.0,,,
1812.0,697.0,GLOBE,GLOBE ENTERPRISES (INDIA) LIMITED,0.05607210837444497,1.053,0.020481741629359722,34.35,39.02759526938239,12.0,0,0,0.0,,,
1813.0,1876.0,SIL,Standard Industries Limited,0.018035106496415206,10.177391025,0.06355493482475577,20.31,999.0,0.0,0,0,0.0,,,
1814.0,1881.0,PTC,PTC India Limited,0.017884840883994207,10.177391025,0.06302540530932337,16.22,999.0,0.0,0,0,0.0,,,
1815.0,1295.0,ARVIND,Arvind Limited,0.035552303444378555,2.5688372,0.03164252995438701,39.53,24.014454664914584,3.0,0,0,0.0,,,
1816.0,1884.0,TATAPOWER,Tata Power Company Limited,0.01781442720823439,10.177391025,0.06277727056309515,46.86,999.0,0.0,0,0,0.0,,,
1817.0,1086.0,ORIENTHOT,Oriental Hotels Limited,0.04349122308051622,1.707195,0.02573568184008023,68.24,25.065703022339026,1.0,0,0,0.0,,,
1818.0,1887.0,PFIZER,Pfizer Limited,0.017760540423329856,10.177391025,0.06258737586504035,63.92,999.0,0.0,0,0,0.0,,,
1819.0,807.0,V2RETAIL,V2 Retail Limited,0.05143426928198256,1.2079964,0.021547445547197418,51.43,16.819973718791065,1.0,0,0,0.0,,,
1820.0,1593.0,MATRIMONY,Matrimony.Com Limited,0.0270723801414272,4.36,0.04088179279424213,58.26,999.0,0.0,0,0,0.0,,,
1821.0,1595.0,NAUKRI,Info Edge (India) Limited,0.027014740354943344,4.36,0.04079475139649921,37.5,999.0,0.0,0,0,0.0,,,
1822.0,1372.0,FIBERWEB,Fiberweb (India) Limited,0.0322416680817495,3.0311156,0.03385565691709187,46.81,999.0,0.0,0,0,0.0,,,
1823.0,1959.0,NRBBEARING,NRB Bearing Limited,0.015568455489658748,12.979570703499999,0.06996487695207972,51.2,97.01051248357425,2.0,0,0,0.0,promoter_stake_declining,medium,0.0
1824.0,1382.0,ZENITHEXPO,Zenith Exports Limited,0.032004875591982146,3.0311156,0.033607010808776976,45.54,27.003942181340342,1.0,0,0,0.0,,,
1825.0,1805.0,NSIL,Nalwa Sons Investments Limited,0.020220736109762275,7.559196,0.0529295960528131,55.62,999.0,0.0,0,0,0.0,,,
1826.0,1050.0,GPIL,Godawari Power And Ispat limited,0.04463907635334272,1.551,0.024001211815626408,63.34,33.01576872536137,2.0,0,0,0.0,,,
1827.0,1901.0,STARPAPER,Star Paper Mills Limited,0.01741303318614525,10.177391025,0.061362775399565486,44.93,999.0,0.0,0,0,0.0,,,
1828.0,967.0,SHEKHAWATI,Shekhawati Industries Limited,0.047263970620215257,1.356,0.022221986687697707,64.12,23.028909329829172,1.0,0,0,0.0,,,
1829.0,1216.0,PILANIINVS,Pilani Investment and Industries Corporation Limited,0.038682976179654695,2.02275,0.027116112366225624,58.68,45.302233902759525,3.0,0,0,0.0,,,
1830.0,1612.0,TRF,TRF Limited,0.02627879378215673,4.36,0.03968340414372276,34.12,999.0,0.0,0,0,0.0,,,
1831.0,1405.0,TOTAL,Total Transport Systems Limited,0.031512982135199444,3.0311156,0.03309049360903494,49.74,999.0,0.0,0,0,0.0,,,
1832.0,1170.0,MOKSH,Moksh Ornaments Limited,0.040209291601353614,1.855006,0.025851095474349894,40.09,57.49014454664914,5.0,0,0,0.0,,,
1833.0,1407.0,ACEINTEG,Ace Integrated Solutions Limited,0.03145252572819527,3.0311156,0.03302701080880315,73.53,999.0,0.0,0,0,0.0,,,
1834.0,1408.0,VINNY,Vinny Overseas Limited,0.031423796590688925,3.0311156,0.0329968435165752,39.27,999.0,0.0,0,0,0.0,,,
1835.0,1913.0,SESHAPAPER,Seshasayee Paper and Boards Limited,0.01706875997478218,10.177391025,0.06014957150113338,43.11,999.0,0.0,0,0,0.0,,,
1836.0,1863.0,TATASTEEL,Tata Steel Limited,0.01852099389537725,8.621990799999999,0.055294580538540285,33.19,63.23915900131406,4.0,0,0,0.0,,,
1837.0,1033.0,TIPSMUSIC,Tips Music Limited,0.0452345994221695,1.4399857,0.022583000559155148,64.15,9.95400788436268,3.0,0,0,0.0,,,
1838.0,2010.0,ASHOKLEY,Ashok Leyland Limited,0.010794016024799626,25.269704775,0.09443267862069328,51.51,88.3377135348226,3.0,0,0,0.0,,,
1839.0,1619.0,MOHITIND,Mohit Industries Limited,0.025984818722596056,4.36,0.03923947466988814,54.94,999.0,0.0,0,0,0.0,,,
1840.0,1620.0,ELGIRUBCO,Elgi Rubber Company Limited,0.025972193532781133,4.36,0.03922040946796259,65.03,999.0,0.0,0,0,0.0,,,
1841.0,1065.0,LGBBROSLTD,LG Balakrishnan & Bros Limited,0.04411575719940877,1.5046339999999998,0.023011736184205222,34.83,34.95400788436268,5.0,0,0,0.0,,,
1842.0,1923.0,RAJSREESUG,Rajshree Sugars & Chemicals Limited,0.01692952530327962,10.177391025,0.05965891454413396,40.72,999.0,0.0,0,0,0.0,,,
1843.0,2005.0,NIITLTD,NIIT Limited,0.011834679620001587,20.67620625,0.08471780349996186,36.98,123.45597897503285,2.0,0,0,0.0,,,
1844.0,1628.0,AROGRANITE,Aro Granite Industries Limited,0.025756821621733695,4.36,0.038895178003453566,41.08,999.0,0.0,0,0,0.0,,,
1845.0,1378.0,UTTAMSUGAR,Uttam Sugar Mills Limited,0.032088045661679485,2.8017466,0.03114645847754841,74.71,43.00262812089356,4.0,0,0,0.0,,,
1846.0,1633.0,MUNJALAU,Munjal Auto Industries Limited,0.025668291411572206,4.36,0.03876148921477132,74.81,999.0,0.0,0,0,0.0,,,
1847.0,1634.0,ATLANTAA,ATLANTAA LIMITED,0.02562487853483328,4.36,0.03869593176388702,74.67,999.0,0.0,0,0,0.0,,,
1848.0,1834.0,LICHSGFIN,LIC Housing Finance Limited,0.019428934150892474,7.559196,0.05085698318603565,45.24,999.0,0.0,0,0,0.0,,,
1849.0,1931.0,SANGAMIND,Sangam (India) Limited,0.01674213551060264,10.177391025,0.05899856102402709,70.52,999.0,0.0,0,0,0.0,,,
1850.0,1497.0,KHAITANLTD,Khaitan (India) Limited,0.029366697982017603,3.2816236,0.033383473694132915,60.24,26.412614980289092,1.0,0,0,0.0,,,
1851.0,1445.0,SCPL,Sheetal Cool Products Limited,0.030550816991205525,3.0311156,0.03208016334541308,67.07,999.0,0.0,0,0,0.0,,,
1852.0,1450.0,AVROIND,AVRO INDIA LIMITED,0.03045574741717068,3.0311156,0.03198033467421602,53.64,999.0,0.0,0,0,0.0,,,
1853.0,1814.0,MAGADSUGAR,Magadh Sugar & Energy Limited,0.019967992387435986,7.0455,0.0487170829491008,61.02,79.56636005256242,1.0,0,0,0.0,,,
1854.0,1935.0,S&SPOWER,S&S Power Switchgears Limited,0.01659966337347089,10.177391025,0.05849649537825163,74.97,999.0,0.0,0,0,0.0,,,
1855.0,1453.0,TIPSFILMS,Tips Films Limited,0.030401255368742268,3.0311156,0.03192311480297288,74.98,999.0,0.0,0,0,0.0,,,
1856.0,1645.0,MADHAV,Madhav Marbles and Granites Limited,0.0252482048369965,4.36,0.038127119713171176,45.54,999.0,0.0,0,0,0.0,,,
1857.0,931.0,DEEPINDS,Deep Industries Limited,0.04780874393252046,1.212,0.020094859377256198,63.49,45.006570302233904,2.0,0,0,0.0,,,
1858.0,1650.0,GILLANDERS,Gillanders Arbuthnot & Company Limited,0.025193959820972927,4.36,0.0380452047321606,69.05,999.0,0.0,0,0,0.0,,,
1859.0,1942.0,SOBHA,Sobha Limited,0.01642964489342725,10.177391025,0.0578973576121217,52.88,81.01182654402102,2.0,0,0,0.0,,,
1860.0,1469.0,ADL,Archidply Decor Limited,0.030086073847196432,3.0311156,0.0315921555786236,72.96,999.0,0.0,0,0,0.0,,,
1861.0,1631.0,ELGIEQUIP,Elgi Equipments Limited,0.025713181741068375,4.144,0.03690657767658138,31.19,49.37582128777924,6.0,0,0,0.0,,,
1862.0,1472.0,USK,Udayshivakumar Infra Limited,0.03005307340411945,3.0311156,0.031557503163119116,67.35,999.0,0.0,0,0,0.0,,,
1863.0,1944.0,PREMIERPOL,Premier Polyfilm Limited,0.016385307160198648,10.177391025,0.05774111335893798,69.39,999.0,0.0,0,0,0.0,,,
1864.0,1655.0,RAJTV,Raj Television Network Limited,0.024940017463501676,4.36,0.037661728333499414,70.91,999.0,0.0,0,0,0.0,,,
1865.0,1996.0,RENUKA,Shree Renuka Sugars Limited,0.013035570306808037,15.95640775,0.07201548702026749,62.48,97.20762155059133,8.0,0,0,0.0,,,
1866.0,1946.0,SILINV,SIL Investments Limited,0.01628411267611462,10.177391025,0.05738450837621367,63.79,999.0,0.0,0,0,0.0,,,
1867.0,1657.0,3IINFOLTD,3i Infotech Limited,0.024868209392132263,4.36,0.037553291517846615,0.0,999.0,0.0,0,0,0.0,,,
1868.0,1480.0,AKASH,Akash Infra-Projects Limited,0.02981369549715243,3.0311156,0.03130614221395053,74.59,999.0,0.0,0,0,0.0,,,
1869.0,1947.0,SAMBHAAV,Sambhaav Media Limited,0.016256094257078833,10.177391025,0.05728577268002767,62.93,999.0,0.0,0,0,0.0,,,
1870.0,1853.0,MIRZAINT,Mirza International Limited,0.018769779195673464,7.559196,0.049131585785734844,72.99,999.0,0.0,0,0,0.0,,,
1871.0,1559.0,GODFRYPHLP,Godfrey Phillips India Limited,0.02784345444080987,3.4298686,0.033080791847727144,72.58,36.038107752956634,3.0,0,0,0.0,,,
1872.0,1949.0,REGENCERAM,Regency Ceramics Limited,0.01611729752051499,10.177391025,0.05679665898680068,60.43,999.0,0.0,0,0,0.0,,,
1873.0,1663.0,WANBURY,Wanbury Limited,0.02462072295031691,4.36,0.03717956414770685,43.02,999.0,0.0,0,0,0.0,,,
1874.0,1857.0,KCP,KCP Limited,0.018637771265429304,7.559196,0.048786043151398305,44.25,999.0,0.0,0,0,0.0,,,
1875.0,1861.0,MADRASFERT,Madras Fertilizers Limited,0.018589397557351,7.559196,0.048659420618258904,85.27,999.0,0.0,0,0,0.0,,,
1876.0,1862.0,KCPSUGIND,KCP Sugar and Industries Corporation Limited,0.018560966884826804,7.559196,0.048585000774982824,41.54,999.0,0.0,0,0,0.0,,,
1877.0,1975.0,KOTHARIPET,Kothari Petrochemicals Limited,0.015147327043693568,11.315695,0.05934745146340974,72.22,76.14980289093297,2.0,0,0,0.0,,,
1878.0,1880.0,KAYA,Kaya Limited,0.017918077611783993,8.072892,0.050088574961000505,51.43,88.27201051248358,1.0,0,0,0.0,,,
1879.0,1501.0,TTKHLTCARE,TTK Healthcare Limited,0.029216955712217323,3.0311156,0.03067953017339739,74.56,999.0,0.0,0,0,0.0,,,
1880.0,1670.0,PRAENG,Prajay Engineers Syndicate Limited,0.024324710623413664,4.36,0.036732558212145175,36.8,999.0,0.0,0,0,0.0,,,
1881.0,1504.0,LAGNAM,Lagnam Spintex Limited,0.029087816128750957,3.0311156,0.03054392597881391,68.5,999.0,0.0,0,0,0.0,,,
1882.0,1069.0,ADROITINFO,Adroit Infotech Limited,0.043937588653455234,1.3250725,0.020187612728385766,38.28,17.969776609724047,5.0,0,0,0.0,,,
1883.0,1970.0,LOVABLE,Lovable Lingerie Limited,0.015319559980877992,10.801425,0.05729492157074913,63.95,100.9855453350854,7.0,0,0,0.0,,,
1884.0,1954.0,SHREYANIND,Shreyans Industries Limited,0.015773782543193112,10.177391025,0.05558612707231717,50.5,999.0,0.0,0,0,0.0,,,
1885.0,1955.0,SURYAROSNI,Surya Roshni Limited,0.01575302701267183,10.177391025,0.05551298548095505,63.0,999.0,0.0,0,0,0.0,,,
1886.0,1956.0,SAKHTISUG,Sakthi Sugars Limited,0.015732578626717914,10.177391025,0.05544092625375664,59.83,999.0,0.0,0,0,0.0,,,
1887.0,1516.0,TPLPLASTEH,TPL Plastech Limited,0.028789626504827914,3.0311156,0.03023080925116266,74.86,999.0,0.0,0,0,0.0,,,
1888.0,1684.0,NAGREEKCAP,Nagreeka Capital & Infrastructure Limited,0.024004296710057736,4.36,0.036248703628773526,53.53,999.0,0.0,0,0,0.0,,,
1889.0,1526.0,SIGIND,Signet Industries Limited,0.028555580341129386,3.0311156,0.029985046947523533,73.3,999.0,0.0,0,0,0.0,,,
1890.0,867.0,PRECWIRE,Precision Wires India Limited,0.04961239861870407,1.0,0.01721190542179046,56.62,5.978975032851511,4.0,0,0,0.0,,,
1891.0,1877.0,MAHLIFE,Mahindra Lifespace Developers Limited,0.018032807204904456,7.559196,0.047202495293583634,52.41,999.0,0.0,0,0,0.0,,,
1892.0,1879.0,MAHAPEXLTD,Maha Rashtra Apex Corporation Limited,0.017996109381388715,7.559196,0.04710643543878103,71.57,999.0,0.0,0,0,0.0,,,
1893.0,1849.0,PRIMESECU,Prime Securities Limited,0.019045659363798432,6.6855507,0.044093585727101973,0.0,63.73193166885677,2.0,0,0,0.0,,,
1894.0,1537.0,WINDLAS,Windlas Biotech Limited,0.028270158015888756,3.0311156,0.02968533663801584,63.31,999.0,0.0,0,0,0.0,,,
1895.0,1544.0,TERASOFT,Tera Software Limited,0.028124455303541216,3.0311156,0.029532340179252586,47.53,999.0,0.0,0,0,0.0,,,
1896.0,1886.0,PARASPETRO,Paras Petrofils Limited,0.017769500641721496,7.559196,0.046513266674423716,40.19,999.0,0.0,0,0,0.0,,,
1897.0,1722.0,HINDALCO,Hindalco Industries Limited,0.02292388750809421,4.5074205,0.035787084344813674,34.64,57.78580814717477,3.0,0,0,0.0,,,
1898.0,1561.0,YUKEN,Yuken India Limited,0.02781023524091763,3.0311156,0.029202390543592357,58.04,999.0,0.0,0,0,0.0,,,
1899.0,1562.0,VARROC,Varroc Engineering Limited,0.027765734692561734,3.0311156,0.029155662337907104,75.0,999.0,0.0,0,0,0.0,,,
1900.0,1712.0,SWELECTES,Swelect Energy Systems Limited,0.02314606320501317,4.36,0.03495269182120372,56.37,999.0,0.0,0,0,0.0,,,
1901.0,1979.0,SUPREMEIND,Supreme Industries Limited,0.014704097075372747,10.7686281,0.054826154765136456,48.96,72.43758212877792,4.0,0,0,0.0,,,
1902.0,1716.0,STCINDIA,The State Trading Corporation of India Limited,0.023073024306443674,4.36,0.034842396342873436,90.0,999.0,0.0,0,0,0.0,,,
1903.0,1850.0,SRF,SRF Limited,0.018935321643707075,6.39835855,0.04195558413787373,50.26,63.00919842312746,2.0,0,0,0.0,,,
1904.0,1727.0,HERITGFOOD,Heritage Foods Limited,0.02282768522971026,4.375,0.03459044901330152,41.3,57.19448094612352,2.0,0,0,0.0,,,
1905.0,1380.0,LASA,Lasa Supergenerics Limited,0.03201798281157066,2.22165625,0.024648738635942892,53.65,51.01839684625492,5.0,0,0,0.0,,,
1906.0,1865.0,BRITANNIA,Britannia Industries Limited,0.018476842420157694,6.64652,0.04252703577431148,50.55,67.4113009198423,6.0,0,0,0.0,,,
1907.0,1906.0,OSWALGREEN,Oswal Greentech Limited,0.01721989055274128,7.559196,0.0450746128173948,70.65,999.0,0.0,0,0,0.0,,,
1908.0,1079.0,RAYMOND,Raymond Limited,0.04363448591858746,1.169051,0.017691583778888978,48.87,25.065703022339026,2.0,0,0,0.0,,,
1909.0,2011.0,BALKRISIND,Balkrishna Industries Limited,0.010675929865741127,19.45371725,0.07190490009353226,58.29,111.33377135348225,7.0,0,0,0.0,,,
1910.0,1588.0,MONTECARLO,Monte Carlo Fashions Limited,0.027179133467831917,2.970702,0.027971272529674122,73.17,67.4113009198423,1.0,0,0,0.0,,,
1911.0,1918.0,LUMAXIND,Lumax Industries Limited,0.016979882483737347,7.559196,0.04444637010294382,75.0,999.0,0.0,0,0,0.0,,,
1912.0,1604.0,GAYAHWS,Gayatri Highways Limited,0.02672520876367598,3.0311156,0.028063048619151182,61.15,999.0,0.0,0,0,0.0,,,
1913.0,1208.0,LIBAS,Libas Consumer Products Limited,0.039061093854167596,1.4120162,0.019122720519056675,31.55,51.01839684625492,9.0,0,0,0.0,,,
1914.0,1826.0,HEXATRADEX,Hexa Tradex Limited,0.019613591642335077,5.59192855,0.03798292302749972,92.13,87.18791064388961,1.0,0,0,0.0,,,
1915.0,1606.0,GROBTEA,The Grob Tea Company Limited,0.026605342990234742,3.0311156,0.027937182473161497,74.99,999.0,0.0,0,0,0.0,,,
1916.0,1608.0,TECHNOE,Techno Electric & Engineering Company Limited,0.02642665890213538,3.0311156,0.027749553620712023,56.92,999.0,0.0,0,0,0.0,,,
1917.0,1759.0,KHANDSE,Khandwala Securities Limited,0.021774024856413377,4.36,0.03288078727567845,48.73,999.0,0.0,0,0,0.0,,,
1918.0,1938.0,MODTHREAD,Modern Threads (India) Limited,0.01652174761463189,7.559196,0.0432471608640797,65.16,999.0,0.0,0,0,0.0,,,
1919.0,1968.0,SECURKLOUD,SECUREKLOUD TECHNOLOGIES LIMITED,0.015397293711098764,8.674171436,0.04624688284878145,43.52,101.24835742444152,3.0,0,0,0.0,,,
1920.0,1622.0,AGROPHOS,Agro Phos India Limited,0.025932348261487537,3.0311156,0.02723049823505987,54.27,999.0,0.0,0,0,0.0,,,
1921.0,1624.0,TEXMOPIPES,Texmo Pipes and Products Limited,0.025923216833566694,3.0311156,0.02722090969609013,44.24,999.0,0.0,0,0,0.0,,,
1922.0,1903.0,CORALFINAC,Coral India Finance & Housing Limited,0.017349745250593372,6.620519,0.03977669856637139,74.96,60.67674113009198,3.0,0,0,0.0,,,
1923.0,1105.0,SUNTV,Sun TV Network Limited,0.04238456456868842,1.1075761,0.01628280163646002,75.0,24.638633377135346,1.0,0,0,0.0,,,
1924.0,1788.0,MRF,MRF Limited,0.020878935879604616,4.532195,0.03277372338256097,27.77,60.183968462549274,3.0,0,0,0.0,,,
1925.0,1640.0,JISLDVREQS,Jain Irrigation Systems Limited,0.02548929805690518,3.0311156,0.026765269336686638,30.37,999.0,0.0,0,0,0.0,,,
1926.0,1642.0,TCPLPACK,TCPL Packaging Limited,0.025471300807373136,3.0311156,0.026746371161069198,55.74,999.0,0.0,0,0,0.0,,,
1927.0,1779.0,PRECOT,Precot Limited,0.021207556902266906,4.36,0.03202536837992511,61.51,999.0,0.0,0,0,0.0,,,
1928.0,1510.0,ALOKINDS,Alok Industries Limited,0.028964994925220183,2.3197138,0.023281658085383974,75.0,69.21813403416557,2.0,0,0,0.0,,,
1929.0,1437.0,KMSUGAR,K.M.Sugar Mills Limited,0.030689481725115042,1.9795,0.021053316216726365,56.51,45.006570302233904,2.0,0,0,0.0,,,
1930.0,1798.0,FCSSOFT,FCS Software Solutions Limited,0.02066880749448274,4.36,0.03121180704760068,19.65,999.0,0.0,0,0,0.0,,,
1931.0,1661.0,SUNDARAM,Sundaram Multi Pap Limited,0.02474423205460456,3.0311156,0.025982906002056397,31.11,999.0,0.0,0,0,0.0,,,
1932.0,1963.0,OSWALAGRO,Oswal Agro Mills Limited,0.015482667364358247,7.559196,0.0405272748216083,51.88,999.0,0.0,0,0,0.0,,,
1933.0,1673.0,VINATIORGA,Vinati Organics Limited,0.024257349097218075,3.0311156,0.025471650122792927,74.28,999.0,0.0,0,0,0.0,,,
1934.0,1807.0,BIOFILCHEM,Biofil Chemicals & Pharmaceuticals Limited,0.020201784624784076,4.36,0.030506559408144826,46.79,999.0,0.0,0,0,0.0,,,
1935.0,1682.0,VSTTILLERS,V.S.T Tillers Tractors Limited,0.024058274648929883,3.0311156,0.025262610187107355,55.61,999.0,0.0,0,0,0.0,,,
1936.0,1204.0,BAJAJHLDNG,Bajaj Holdings & Investment Limited,0.03913419442659184,1.129785,0.015334987335172409,51.46,17.24704336399474,1.0,0,0,0.0,,,
1937.0,1291.0,ARIES,Aries Agro Limited,0.03568434667932008,1.32408,0.016383308550397324,52.66,45.762155059132716,4.0,0,0,0.0,,,
1938.0,1693.0,UTIAMC,UTI Asset Management Company Limited,0.023568976174609808,3.0311156,0.024748817872310407,0.0,999.0,0.0,0,0,0.0,,,
1939.0,1694.0,INDBANK,Indbank Merchant Banking Services Limited,0.02355541746825923,3.0311156,0.02473458042934434,64.84,999.0,0.0,0,0,0.0,,,
1940.0,1855.0,JAYSREETEA,Jayshree Tea & Industries Limited,0.018721731732319412,4.7306672,0.030673870077987688,50.68,52.95663600525624,3.0,0,0,0.0,,,
1941.0,1702.0,LIBERTSHOE,Liberty Shoes Limited,0.023320716276344043,2.9864178925,0.024127278314542297,59.1,41.98423127463863,3.0,0,0,0.0,,,
1942.0,1869.0,BALRAMCHIN,Balrampur Chini Mills Limited,0.018268488354035144,4.863771,0.030773044748028354,42.86,70.86070959264126,10.0,0,0,0.0,,,
1943.0,1719.0,TGBHOTELS,TGB Banquets And Hotels Limited,0.023026303855370224,3.0311156,0.024178979866038713,31.23,999.0,0.0,0,0,0.0,,,
1944.0,1851.0,GTL,GTL Limited,0.018814326920405775,4.36,0.028411370212187478,14.29,51.01839684625492,1.0,0,0,0.0,,,
1945.0,2003.0,VSSL,Vardhman Special Steels Limited,0.01208518021133595,10.541700000000002,0.044111792479078774,51.06,103.71222076215506,3.0,0,0,0.0,,,
1946.0,1974.0,TVSSRICHAK,TVS Srichakra Limited,0.015195694278379362,6.6588732,0.03503999797717252,45.7,88.37056504599211,1.0,0,0,0.0,,,
1947.0,1854.0,UMIYA-MRO,UMIYA BUILDCON LIMITED,0.01875781671895612,4.36,0.028326034592106905,65.02,999.0,0.0,0,0,0.0,,,
1948.0,2007.0,UFLEX,UFLEX Limited,0.011155426005968768,12.298,0.04750057521956907,44.58,111.10381077529566,4.0,0,0,0.0,,,
1949.0,1993.0,MANAKSTEEL,Manaksia Steels Limited,0.01310894688969865,8.84,0.040126207208798816,74.75,111.03810775295663,1.0,0,0,0.0,,,
1950.0,1744.0,TREEHOUSE,Tree House Education & Accessories Limited,0.022307713344924145,3.0311156,0.02342441736251516,24.56,999.0,0.0,0,0,0.0,,,
1951.0,1235.0,DGCONTENT,Digicontent Limited,0.037968850279216045,1.004575,0.013232572364140414,66.81,51.01839684625492,2.0,0,0,0.0,,,
1952.0,1760.0,VINYLINDIA,Vinyl Chemicals (India) Limited,0.02170768298197274,3.0311156,0.022794350020576983,50.41,999.0,0.0,0,0,0.0,,,
1953.0,1762.0,ZENSARTECH,Zensar Technologies Limited,0.02168124534122616,3.0311156,0.022766588935370594,49.0,999.0,0.0,0,0,0.0,,,
1954.0,1364.0,WEIZMANIND,Weizmann Limited,0.032634159080391995,1.333406,0.015088272557817903,68.34,21.353482260183966,4.0,0,0,0.0,,,
1955.0,1764.0,VHL,Vardhman Holdings Limited,0.02157639873624159,3.0311156,0.022656493803869353,74.9,999.0,0.0,0,0,0.0,,,
1956.0,1766.0,MALUPAPER,Malu Paper Mills Limited,0.02154000059308295,3.0311156,0.02261827360248047,69.8,999.0,0.0,0,0,0.0,,,
1957.0,1527.0,RADICO,Radico Khaitan Limited,0.02855220499203037,1.7101153,0.016924468396040754,40.2,54.23784494086728,3.0,0,0,0.0,,,
1958.0,1345.0,NAVNETEDUL,Navneet Education Limited,0.03352100573127423,1.2386807,0.014399081583891927,63.29,18.199737187910642,1.0,0,0,0.0,,,
1959.0,1926.0,TATAINVEST,Tata Investment Corporation Limited,0.016869500733779075,4.8776,0.028497226999180697,73.38,88.27201051248358,6.0,0,0,0.0,,,
1960.0,1778.0,NAGREEKEXP,Nagreeka Exports Limited,0.0212123840228484,3.0311156,0.022274256842116456,57.32,999.0,0.0,0,0,0.0,,,
1961.0,1990.0,JYOTISTRUC,Jyoti Structures Limited,0.013404806129122319,7.559196,0.035088286090543264,0.0,999.0,0.0,0,0,0.0,,,
1962.0,1808.0,UNIENTER,Uniphos Enterprises Limited,0.020184851941873694,3.3274241,0.023265770349119214,73.79,63.99474375821288,2.0,0,0,0.0,,,
1963.0,1982.0,NEXTMEDIA,Next Mediaworks Limited,0.014533530345303245,6.21,0.03125472470589236,74.99,86.53088042049934,7.0,0,0,0.0,,,
1964.0,1791.0,INFOMEDIA,Infomedia Press Limited,0.020769586704310148,3.0311156,0.0218092934890347,50.69,999.0,0.0,0,0,0.0,,,
1965.0,1794.0,SHAHALLOYS,Shah Alloys Limited,0.020737912470702658,3.0311156,0.021776033671850055,53.75,999.0,0.0,0,0,0.0,,,
1966.0,1795.0,TIRUMALCHM,Thirumalai Chemicals Limited,0.02072418105712817,3.0311156,0.021761614876092163,37.13,999.0,0.0,0,0,0.0,,,
1967.0,1623.0,LAMBODHARA,Lambodhara Textiles Limited,0.025928373342685915,1.93438,0.017382152499914625,73.17,76.41261498028909,3.0,0,0,0.0,,,
1968.0,1907.0,CUMMINSIND,Cummins India Limited,0.017210611859825066,4.36,0.025989612447810513,51.0,999.0,0.0,0,0,0.0,,,
1969.0,1800.0,CTE,Cambridge Technology Enterprises Limited,0.02059167821335766,3.0311156,0.021622479059426002,55.75,999.0,0.0,0,0,0.0,,,
1970.0,1801.0,RAMKY,Ramky Infrastructure Limited,0.02056809479074187,2.9133023,0.02075885338459923,69.81,88.69908015768725,1.0,0,0,0.0,,,
1971.0,1958.0,SHARDACROP,Sharda Cropchem Limited,0.01560247762343642,5.02,0.027126016684503245,74.82,112.68068331143232,2.0,0,0,0.0,,,
1972.0,2006.0,EMAMILTD,Emami Limited,0.011257388674745288,9.615375,0.03748032753592392,54.84,111.13666228646517,10.0,0,0,0.0,,,
1973.0,1845.0,MUNJALSHOW,Munjal Showa Limited,0.01911161105756246,3.2997975,0.021845935980111565,65.02,66.06438896189225,1.0,0,0,0.0,,,
1974.0,1934.0,GIPCL,Gujarat Industries Power Company Limited,0.016616457463823113,4.36,0.025092384469396815,56.57,999.0,0.0,0,0,0.0,,,
1975.0,1937.0,TAINWALCHM,Tainwala Chemical and Plastic (I) Limited,0.01659497069814483,4.36,0.025059937469994135,67.85,999.0,0.0,0,0,0.0,,,
1976.0,1817.0,UNIONBANK,Union Bank of India,0.019885512822126455,3.0311156,0.02088096366538283,74.76,999.0,0.0,0,0,0.0,,,
1977.0,1584.0,A2ZINFRA,A2Z Infra Engineering Limited,0.027394697275523044,1.5844695,0.015046788181427097,28.14,65.9658344283837,3.0,0,0,0.0,,,
1978.0,1337.0,AGI,AGI Greenpac Limited,0.03389468390881793,1.0082889,0.011856257100038937,60.39,55.25624178712221,1.0,0,0,0.0,,,
1979.0,1519.0,BAJAJCON,Bajaj Consumer Care Limited,0.0287495049404039,1.3911107,0.013866524532887928,42.97,80.51905387647831,3.0,0,0,0.0,,,
1980.0,1836.0,VTL,Vardhman Textiles Limited,0.019413960844401057,3.0311156,0.02038580622079999,65.09,999.0,0.0,0,0,0.0,,,
1981.0,1838.0,TNTELE,Tamilnadu Telecommunication Limited,0.019350416543551296,3.0311156,0.020319080949540724,63.63,999.0,0.0,0,0,0.0,,,
1982.0,1492.0,AVANTIFEED,Avanti Feeds Limited,0.029497766457909174,1.303075,0.013328447886182612,43.23,79.7634691195795,1.0,0,0,0.0,,,
1983.0,1652.0,ATUL,Atul Limited,0.025132411728011984,1.78081,0.015512435911548886,45.22,54.66491458607096,1.0,0,0,0.0,,,
1984.0,1846.0,TCI,Transport Corporation of India Limited,0.019097543104531725,3.0311156,0.020053548894152503,68.73,999.0,0.0,0,0,0.0,,,
1985.0,1984.0,CENTEXT,Century Extrusions Limited,0.014194862503672094,5.313121848,0.026119171883634267,52.04,86.85939553219448,2.0,0,0,0.0,,,
1986.0,1856.0,ZENITHSTL,Zenith Steel Pipes & Industries Limited,0.01864982751911944,3.0311156,0.019583421070191266,15.64,999.0,0.0,0,0,0.0,,,
1987.0,1539.0,NAHARINDUS,Nahar Industrial Enterprises Limited,0.028220580953311064,1.3158605,0.012876263393036007,71.24,49.44152431011826,1.0,0,0,0.0,,,
1988.0,1864.0,TNPETRO,Tamilnadu PetroProducts Limited,0.018512989005044552,3.0311156,0.0194397325434743,34.54,999.0,0.0,0,0,0.0,,,
1989.0,1843.0,INDTERRAIN,Indian Terrain Fashions Limited,0.019197051144587644,2.765,0.018389531027600794,31.55,81.11038107752957,2.0,0,0,0.0,,,
1990.0,1476.0,ANTGRAPHIC,Antarctica Limited,0.029891664460112967,1.137299949,0.011791006070347828,0.96,20.992115637319316,6.0,0,0,0.0,,,
1991.0,1868.0,TRIGYN,Trigyn Technologies Limited,0.01830239013557501,3.0311156,0.01921859128447337,44.51,999.0,0.0,0,0,0.0,,,
1992.0,1888.0,FORTIS,Fortis Healthcare Limited,0.01775267479749474,3.19836375,0.019669201428582573,31.17,95.26938239159001,3.0,0,0,0.0,,,
1993.0,2048.0,UNIVCABLES,Universal Cables Limited,0.0073466162140157585,17.8292527,0.04534976706895758,61.89,104.13929040735873,1.0,0,0,0.0,,,
1994.0,1885.0,WSTCSTPAPR,West Coast Paper Mills Limited,0.017784790947753273,3.0311156,0.018675081547972563,56.58,999.0,0.0,0,0,0.0,,,
1995.0,1894.0,GUJRAFFIA,Gujarat Raffia Industries Limited,0.01758136083195003,3.0311156,0.018461467903983175,39.6,999.0,0.0,0,0,0.0,,,
1996.0,1914.0,ICDSLTD,ICDS Limited,0.017055170825345807,3.0311156,0.017908937300057045,51.39,999.0,0.0,0,0,0.0,,,
1997.0,1919.0,DCMFINSERV,DCM Financial Services Limited,0.016966179733827493,3.0311156,0.01781549139473098,39.5,999.0,0.0,0,0,0.0,,,
1998.0,1999.0,KOKUYOCMLN,Kokuyo Camlin Limited,0.012469139716863947,5.480398,0.023665824669287763,74.99,103.48226018396846,2.0,0,0,0.0,,,
1999.0,1920.0,STEELCITY,Steel City Securities Limited,0.016964724784862047,2.939355,0.01727506751705112,74.7,95.69645203679369,2.0,0,0,0.0,,,
2000.0,1932.0,NKIND,NK Industries Limited,0.016688235488555993,3.0311156,0.017523633511133497,73.27,999.0,0.0,0,0,0.0,,,
2001.0,1933.0,VINDHYATEL,Vindhya Telelinks Limited,0.016618860899521293,3.0311156,0.017450786092719293,43.54,999.0,0.0,0,0,0.0,,,
2002.0,1950.0,ZODIACLOTH,Zodiac Clothing Company Limited,0.01608864951650353,3.0311156,0.016894032805902005,72.93,999.0,0.0,0,0,0.0,,,
2003.0,1952.0,VOLTAS,Voltas Limited,0.015963196192043574,3.0311156,0.016762299401127296,30.3,999.0,0.0,0,0,0.0,,,
2004.0,1953.0,UCAL,UCAL LIMITED,0.01592740022897885,3.0311156,0.016724711524424906,70.28,999.0,0.0,0,0,0.0,,,
2005.0,1810.0,JKPAPER,JK Paper Limited,0.020176107730584605,1.8840782,0.013174548244852992,52.94,76.37976346911958,5.0,0,0,0.0,,,
2006.0,1599.0,MOLDTECH,Mold-Tek Technologies Limited,0.02691164307181836,1.040898,0.009717405968535892,49.85,68.06833114323258,1.0,0,0,0.0,,,
2007.0,1964.0,THERMAX,Thermax Limited,0.015461146452756749,3.0311156,0.0162351175045358,61.98,999.0,0.0,0,0,0.0,,,
2008.0,1965.0,TIL,TIL Limited,0.015459245931944606,3.0311156,0.016233121845365295,61.3,999.0,0.0,0,0,0.0,,,
2009.0,1966.0,VISAKAIND,Visaka Industries Limited,0.01545314273950613,3.0311156,0.01622671313261594,53.24,999.0,0.0,0,0,0.0,,,
2010.0,2047.0,SEAMECLTD,Seamec Limited,0.007388561044086978,13.21236,0.03379972823366456,72.72,108.01576872536137,1.0,0,0,0.0,,,
2011.0,1666.0,VIVIDHA,Visagar Polytex Limited,0.024562644169726113,1.1650233,0.009924665723514659,5.63,59.2969776609724,4.0,0,0,0.0,,,
2012.0,1972.0,WILLAMAGOR,Williamson Magor & Company Limited,0.015227225360530842,3.0311156,0.01598948653333445,62.01,999.0,0.0,0,0,0.0,,,
2013.0,1973.0,BANARBEADS,Banaras Beads Limited,0.015216500942718598,3.0311156,0.015978225260835574,58.48,999.0,0.0,0,0,0.0,,,
2014.0,1809.0,UNITEDTEA,The United Nilgiri Tea Estates Company Limited,0.020184060529425122,1.71,0.011963401491916369,49.86,89.91458607095926,1.0,0,0,0.0,,,
2015.0,1980.0,UNITECH,Unitech Limited,0.014685622921084869,3.0311156,0.015420771964074237,5.13,999.0,0.0,0,0,0.0,,,
2016.0,2026.0,SUMMITSEC,Summit Securities Limited,0.009273528848490987,7.4323774,0.023867169064929233,74.65,123.02890932982916,1.0,0,0,0.0,,,
2017.0,2022.0,TTML,Tata Teleservices (Maharashtra) Limited,0.009796386969982699,6.379,0.021640509965312527,74.36,100.2628120893561,1.0,0,0,0.0,,,
2018.0,1930.0,DNAMEDIA,Diligent Media Corporation Limited,0.016742284039168685,2.0944375,0.012151547641915273,62.17,89.0604467805519,1.0,0,0,0.0,,,
2019.0,1940.0,BIGBLOC,Bigbloc Construction Limited,0.016448917682582706,2.12058,0.012087485257551017,72.81,96.05781865965834,1.0,0,0,0.0,,,
2020.0,1989.0,BALPHARMA,Bal Pharma Limited,0.013553700015448632,3.0,0.014086191004805572,50.86,93.1340341655716,2.0,0,0,0.0,,,
2021.0,2020.0,NUCLEUS,Nucleus Software Exports Limited,0.010010869103252414,5.34,0.018513587761970016,73.6,105.71616294349539,1.0,0,0,0.0,,,
2022.0,1770.0,MAHSCOOTER,Maharashtra Scooters Limited,0.021466155151287,1.1594197,0.008631871817263291,51.0,42.73981603153745,1.0,0,0,0.0,,,
2023.0,1998.0,JAYAGROGN,Jayant Agro Organics Limited,0.012514895555489495,3.3592,0.014562774945014838,67.13,81.17608409986859,1.0,0,0,0.0,,,
2024.0,2027.0,3PLAND,3P Land Holdings Limited,0.009260109444644619,5.7608534,0.018474286246325376,73.3,100.03285151116951,1.0,0,0,0.0,,,
2025.0,2053.0,HCL-INSYS,HCL Infosystems Limited,0.006854425485440457,10.123523135,0.024026877554077147,62.89,116.32720105124835,1.0,0,0,0.0,,,
2026.0,2054.0,BOMDYEING,Bombay Dyeing & Mfg Company Limited,0.006163873021220461,12.306279989999998,0.026263865416376694,53.57,130.12483574244413,1.0,0,0,0.0,,,
2027.0,2050.0,CONCOR,Container Corporation of India Limited,0.007094039763816776,7.798968,0.019158122940385196,54.8,123.71879106438895,1.0,0,0,0.0,,,
2028.0,2009.0,ALPHAGEO,Alphageo (India) Limited,0.011042701593949626,3.175361,0.012146905176675825,45.99,109.88830486202365,1.0,0,0,0.0,,,
2029.0,2041.0,PONNIERODE,Ponni Sugars (Erode) Limited,0.008146868663138969,5.5944,0.0157838809648709,47.34,123.75164257555846,2.0,0,0,0.0,,,
2030.0,2033.0,SANDESH,The Sandesh Limited,0.008783499192464378,4.5085055999999994,0.013715451280299903,74.81,113.07490144546648,2.0,0,0,0.0,,,
2031.0,1957.0,LINDEINDIA,Linde India Limited,0.015688497323434365,1.3429146,0.007305155437193177,75.0,74.11300919842313,1.0,0,0,0.0,,,
2032.0,2001.0,NIPPOBATRY,Indo-National Limited,0.012320004251901329,2.022748,0.00863610618103281,65.35,86.16951379763469,3.0,0,0,0.0,,,
2033.0,1915.0,DCBBANK,DCB Bank Limited,0.01704873283628746,1.024936952,0.006061850414489116,16.23,82.3915900131406,1.0,0,0,0.0,,,
2034.0,2017.0,VASWANI,Vaswani Industries Limited,0.010263629405026804,2.7661800000000003,0.009836084501438604,62.06,118.19973718791064,2.0,0,0,0.0,,,
2035.0,1981.0,AMDIND,AMD Industries Limited,0.014563991683148324,1.32,0.0066660132697345725,66.73,87.3850197109067,1.0,0,0,0.0,,,
2036.0,2043.0,GICHSGFIN,GIC Housing Finance Limited,0.007864872692508046,4.4444536,0.012106622269561608,42.41,116.4257555847569,2.0,0,0,0.0,,,
2037.0,2032.0,RANASUG,Rana Sugars Limited,0.008786585078557915,3.488052,0.010616315341290577,22.64,109.72404730617608,4.0,0,0,0.0,,,
2038.0,2012.0,SARLAPOLY,Sarla Performance Fibers Limited,0.010600891258917947,2.2835,0.008387950226199935,57.11,106.24178712220761,2.0,0,0,0.0,,,
2039.0,2014.0,ENERGYDEV,Energy Development Company Limited,0.010470708969550897,2.2804327890000002,0.008273825677756357,58.14,111.13666228646517,5.0,0,0,0.0,,,
2040.0,2019.0,PIONEEREMB,Pioneer Embroideries Limited,0.010117093396420878,2.3825000000000003,0.008351876598689452,32.71,112.94349540078844,4.0,0,0,0.0,,,
2041.0,2045.0,TECILCHEM,TECIL Chemicals and Hydro Power Limited,0.007576797359897916,4.20132035,0.011025456831399022,47.71,111.69513797634691,2.0,0,0,0.0,,,
2042.0,2008.0,ALPA,Alpa Laboratories Limited,0.01112864260827926,1.850123,0.007135942491058071,57.19,111.03810775295663,4.0,0,0,0.0,,,
2043.0,2052.0,NCC,NCC Limited,0.006862167125277561,4.0425,0.009608270194796206,22.81,120.9592641261498,1.0,0,0,0.0,,,
2044.0,2037.0,VLSFINANCE,VLS Finance Limited,0.008491432169814425,2.493725,0.007336811552884702,56.38,96.38633377135348,1.0,0,0,0.0,,,
2045.0,2024.0,JINDALPHOT,Jindal Photo Limited,0.00955617410807869,1.95,0.006458048127978417,74.2,115.01314060446781,1.0,0,0,0.0,,,
2046.0,2040.0,PCBL,PCBL Chemical Limited,0.008293148654750289,2.562759,0.00736368083830454,53.38,111.82654402102496,1.0,0,0,0.0,,,
2047.0,2044.0,ORIENTPPR,Orient Paper & Industries Limited,0.007619674834821336,2.5257405,0.006668041043968029,38.74,110.64388961892247,1.0,0,0,0.0,,,
2048.0,2018.0,VESUVIUS,Vesuvius India Limited,0.010125704197642155,1.42537527,0.00500396010170197,55.57,100.03285151116951,2.0,0,0,0.0,,,
2049.0,2028.0,GSS,GSS Infotech Limited,0.009176846170015551,1.4496237205,0.00461208319286403,12.71,110.21681997371878,2.0,0,0,0.0,,,
2050.0,2029.0,IVC,IL&FS Investment Managers Limited,0.009170163676931981,1.4144125,0.004496945737859913,50.42,102.98948751642575,1.0,0,0,0.0,,,
2051.0,2039.0,KREBSBIO,Krebs Biochemicals and Industries Limited,0.008319891222791706,1.6855704,0.004860965178136479,72.74,105.2562417871222,1.0,0,0,0.0,,,
2052.0,2023.0,HARRMALAYA,Harrisons  Malayalam Limited,0.009676313540469396,1.05856,0.0035531404045387044,54.12,92.60840998685939,1.0,0,0,0.0,,,
2053.0,2021.0,INDIAGLYCO,India Glycols Limited,0.00984915450930212,1.01387,0.0034642334298982907,59.63,111.07095926412615,1.0,0,0,0.0,,,
2054.0,2035.0,BSL,BSL Limited,0.008671375352719406,1.2571366800000001,0.00378022604339533,56.72,103.25229960578186,3.0,0,0,0.0,,,
